family,feature,feature_type,aspect,expected_direction,support_status,products_count,brands_count,category2_count,feature_present_products,feature_absent_products,feature_unique_values,mean_sentiment_with_feature,mean_sentiment_without_feature,raw_mean_difference,raw_spearman_rho,raw_spearman_p_value,primary_coefficient,primary_standard_error,primary_ci_95_lower,primary_ci_95_upper,primary_p_value,sensitivity_coefficient,sensitivity_standard_error,sensitivity_ci_95_lower,sensitivity_ci_95_upper,sensitivity_p_value,q_value_fdr_bh,direction_consistent,direction_matches_hypothesis,sensitivity_ci_excludes_zero,robust_result,primary_p_value_display,q_value_fdr_bh_display
hydration_ingredients,is_ceramides,binary,hydration_nourishment,positive,stable,1084,113,19,169,915,2,0.87,0.78,0.09,,,0.05,0.02,0.02,0.08,0.00,0.04,0.02,0.00,0.07,0.03,0.01,True,True,True,True,<0.01,0.01
active_intensity,active_count,continuous,effectiveness,positive,stable,1026,117,20,1020,6,54,,,,0.07,0.03,-0.01,0.02,-0.04,0.02,0.66,0.00,0.01,-0.02,0.02,0.75,0.66,False,False,False,False,0.66,0.66
effectiveness_ingredients,is_niacinamide,binary,effectiveness,positive,stable,1026,117,20,200,826,2,0.67,0.68,-0.01,,,-0.02,0.02,-0.07,0.03,0.48,-0.01,0.02,-0.05,0.04,0.70,0.71,True,False,False,False,0.48,0.71
effectiveness_ingredients,is_retinoids,binary,effectiveness,positive,stable,1026,117,20,68,958,2,0.68,0.68,-0.01,,,-0.02,0.04,-0.10,0.07,0.71,0.01,0.03,-0.05,0.06,0.78,0.71,False,False,False,False,0.71,0.71
effectiveness_ingredients,is_vitamin_c,binary,effectiveness,positive,stable,1026,117,20,265,761,2,0.68,0.68,-0.01,,,-0.02,0.02,-0.07,0.03,0.38,-0.04,0.02,-0.08,0.00,0.06,0.71,True,False,False,False,0.38,0.71
formula_tolerance_sensory,fragrance_count,continuous,scent,undirected,stable,619,93,17,558,61,16,,,,0.11,0.01,0.04,0.02,0.01,0.07,0.02,0.03,0.02,-0.00,0.07,0.08,0.08,True,True,False,False,0.02,0.08
formula_tolerance_sensory,is_parfum,binary,scent,undirected,stable,619,93,17,501,118,2,0.69,0.56,0.13,,,0.14,0.06,0.02,0.26,0.03,0.12,0.05,0.01,0.23,0.03,0.08,True,True,True,False,0.03,0.08
formula_tolerance_sensory,is_drying_alcohol,binary,hydration_nourishment,negative,stable,1084,113,19,116,968,2,0.82,0.79,0.02,,,-0.01,0.02,-0.06,0.03,0.56,-0.02,0.02,-0.06,0.02,0.28,0.84,True,True,False,False,0.56,0.84
formula_tolerance_sensory,is_parfum,binary,skin_tolerance,negative,stable,573,89,17,382,191,2,0.67,0.62,0.06,,,-0.03,0.05,-0.13,0.07,0.55,-0.04,0.05,-0.13,0.06,0.46,0.84,True,True,False,False,0.55,0.84
formula_tolerance_sensory,fragrance_allergen_count,continuous,skin_tolerance,negative,stable,573,89,17,282,291,16,,,,0.09,0.04,0.00,0.02,-0.04,0.04,0.94,-0.01,0.02,-0.04,0.03,0.74,0.97,False,False,False,False,0.94,0.97
formula_tolerance_sensory,is_drying_alcohol,binary,skin_tolerance,negative,stable,573,89,17,57,516,2,0.66,0.66,0.01,,,-0.00,0.05,-0.10,0.09,0.97,-0.00,0.05,-0.09,0.09,0.94,0.97,True,True,False,False,0.97,0.97
hydration_ingredients,is_panthenol,binary,hydration_nourishment,positive,stable,1084,113,19,281,803,2,0.80,0.80,0.00,,,-0.03,0.02,-0.06,0.00,0.09,-0.03,0.01,-0.06,0.00,0.08,0.13,True,False,False,False,0.09,0.13
hydration_ingredients,is_hyaluronic_acid,binary,hydration_nourishment,positive,stable,1084,113,19,479,605,2,0.82,0.78,0.04,,,-0.01,0.01,-0.04,0.01,0.31,-0.01,0.01,-0.04,0.01,0.25,0.31,True,False,False,False,0.31,0.31
salicylic_acid_performance,is_salicylic_acid,binary,pore_clogging,positive,exploratory,134,46,5,17,117,2,0.35,0.60,-0.25,,,-0.13,0.13,-0.39,0.13,0.34,-0.13,0.13,-0.38,0.13,0.33,0.51,True,False,False,False,0.34,0.51
salicylic_acid_performance,is_salicylic_acid,binary,skin_tolerance,undirected,stable,573,89,17,50,523,2,0.70,0.65,0.05,,,0.04,0.04,-0.04,0.12,0.34,0.05,0.04,-0.03,0.13,0.26,0.51,True,True,False,False,0.34,0.51
salicylic_acid_performance,is_salicylic_acid,binary,cleansing_makeup_removal,positive,stable,440,67,13,48,392,2,0.76,0.74,0.02,,,-0.01,0.03,-0.08,0.05,0.66,0.03,0.02,-0.02,0.08,0.29,0.66,False,False,False,False,0.66,0.66
