family,feature,aspect,products_count,design_columns,design_rank,condition_number,maximum_numeric_vif,primary_r_squared,primary_adjusted_r_squared,sensitivity_r_squared,sensitivity_adjusted_r_squared
active_intensity,active_count,effectiveness,1026,23,23,32.81,1.17,0.10,0.08,0.14,0.12
effectiveness_ingredients,is_niacinamide,effectiveness,1026,24,24,33.30,1.20,0.10,0.08,0.14,0.12
effectiveness_ingredients,is_retinoids,effectiveness,1026,24,24,33.21,1.20,0.10,0.08,0.14,0.12
effectiveness_ingredients,is_vitamin_c,effectiveness,1026,24,24,33.54,1.22,0.10,0.08,0.15,0.13
formula_tolerance_sensory,fragrance_allergen_count,skin_tolerance,573,21,21,38.78,1.48,0.10,0.07,0.13,0.10
formula_tolerance_sensory,fragrance_count,scent,619,21,21,27.67,1.34,0.06,0.03,0.05,0.02
formula_tolerance_sensory,is_drying_alcohol,hydration_nourishment,1084,23,23,39.03,1.13,0.11,0.09,0.13,0.11
formula_tolerance_sensory,is_drying_alcohol,skin_tolerance,573,21,21,36.06,1.30,0.10,0.07,0.13,0.10
formula_tolerance_sensory,is_parfum,scent,619,21,21,29.54,1.24,0.06,0.03,0.06,0.02
formula_tolerance_sensory,is_parfum,skin_tolerance,573,21,21,37.98,1.31,0.10,0.07,0.13,0.10
hydration_ingredients,is_ceramides,hydration_nourishment,1084,23,23,39.26,1.32,0.11,0.10,0.13,0.11
hydration_ingredients,is_hyaluronic_acid,hydration_nourishment,1084,23,23,39.82,1.14,0.11,0.09,0.13,0.11
hydration_ingredients,is_panthenol,hydration_nourishment,1084,23,23,39.04,1.19,0.11,0.09,0.13,0.11
salicylic_acid_performance,is_salicylic_acid,cleansing_makeup_removal,440,17,17,34.44,1.47,0.09,0.06,0.11,0.08
salicylic_acid_performance,is_salicylic_acid,pore_clogging,134,9,9,12.67,1.16,0.24,0.19,0.26,0.21
salicylic_acid_performance,is_salicylic_acid,skin_tolerance,573,21,21,36.06,1.31,0.10,0.07,0.13,0.10
