ingredients,functional_group_code
AQUA,base
FRAGRANCE,fragrances
TETRAMETHYL ACETYLOCTAHYDRONAPHTHALENES,fragrances
CERAMIDE,active
LINALYL ACETATE,fragrances
HEXAMETHYLINDANOPYRAN,fragrances
DIPROPYLENE GLYCOL,base
HYDROXYETHYLCELLULOSE,base
ADENOSINE,active
SODIUM STEAROYL GLUTAMATE,base
HYDROGENATED LECITHIN,active; base
PHYTOSPHINGOSINE,active
ACETYL HEXAPEPTIDE-8,active
CITRUS AURANTIUM PEEL OIL,active; fragrances
PINENE,fragrances
CI 15850,dyes
HYDROGENATED POLYISOBUTENE,active; base
LACTOBACILLUS FERMENT,active
AROMA,fragrances
DIPOTASSIUM GLYCYRRHIZATE,active
3-O-ETHYL ASCORBIC ACID,active
ALCOHOL,base
PEG-60 HYDROGENATED CASTOR OIL,base
SILICA DIMETHYL SILYLATE,base
POLYGLYCERYL-6 BEHENATE,base
POLYGLYCERYL-10 LAURATE,base
SODIUM LAUROYL LACTYLATE,base
TERPINEOL,fragrances
CETEARYL OLIVATE,active; base
HYDROLYZED SODIUM HYALURONATE,active
ALPHA-GLUCAN OLIGOSACCHARIDE,active
HYDROXYPROPYL CYCLODEXTRIN,base
POLYISOBUTENE,base
POLYACRYLATE CROSSPOLYMER-6,base
SODIUM LEVULINATE,active
GOLD,active
PEAT EXTRACT,active
PALMITOYL TRIPEPTIDE-1,active
TRIDECYL TRIMELLITATE,base
ASCORBYL TETRAISOPALMITATE,active
SODIUM HYALURONATE CROSSPOLYMER,active
PALMITOYL TETRAPEPTIDE-7,active
LEVULINIC ACID,active
POLYGLUTAMIC ACID,active
TRIPELARGONIN,base
ALOE BARBADENSIS LEAF JUICE,active
PHOSPHOLIPIDS,active; base
OLUS OIL,active
MADECASSOSIDE,active
POTASSIUM CHLORIDE,base
TROMETHAMINE,base
DIETHYLHEXYL SYRINGYLIDENEMALONATE,base
PALMITOYL TRIPEPTIDE-5,active
POLYGLYCERYL-3 METHYLGLUCOSE DISTEARATE,base
SERINE,active
COPPER TRIPEPTIDE-1,active
CAPRYLHYDROXAMIC ACID,base
CI 15985,dyes
LACTOBACILLUS FERMENT LYSATE,active
TRISODIUM EDTA,base
BIOSACCHARIDE GUM-1,active; base
GLUCOMANNAN,active; base
HYDROGENATED COCO-GLYCERIDES,active; base
SYNTHETIC WAX,base
POLYGLYCERYL-10 STEARATE,base
EUPHORBIA CERIFERA CERA,active; base
GLYCERETH-26 PCA ISOSTEARATE,active; base
OCTADECYL DI-T-BUTYL-4-HYDROXYHYDROCINNAMATE,active
POLYGLYCERYL-6 STEARATE,base
TRIBEHENIN,active; base
ASIATICOSIDE,active
GLYCINE,active
POLYGLYCERYL-4 CAPRATE,base
PROLINE,active
DIMETHYL PHENETHYL ACETATE,fragrances
HYDROXYPROPYL STARCH PHOSPHATE,base
PENTAERYTHRITYL DISTEARATE,base
HYDROGENATED RAPESEED OIL,active
RETINOL,active
MADECASSIC ACID,active
PHYTOSTEROLS,active
CAPRYLOYL SALICYLIC ACID,active
HYDROGENATED STARCH HYDROLYSATE,active; base
RICE FERMENT FILTRATE,active
SCUTELLARIA BAICALENSIS ROOT EXTRACT,active
GLYCERYL STEARATE SE,active; base
MARIS AQUA,active
PHENETHYL ALCOHOL,fragrances
HELIANTHUS ANNUUS SEED CERA,active; base
PORTULACA OLERACEA EXTRACT,active
SODIUM METABISULFITE,base
GLYCOLIC ACID,active
ECTOIN,active
PALMITOYL TRIPEPTIDE-38,active
TRIPEPTIDE-1,active
ACETYL DIPEPTIDE-1 CETYL ESTER,active
ARACHIDYL GLUCOSIDE,base
CAMELLIA JAPONICA SEED OIL,active
COLLAGEN,active
GLYCERYL ACRYLATE/ACRYLIC ACID COPOLYMER,active; base
HYDROGENATED POLY,active; base
MANNITOL,active
C12-20 ALKYL GLUCOSIDE,base
C14-22 ALCOHOLS,base
SACCHAROMYCES,active
ALOE BARBADENSIS LEAF JUICE POWDER,active
LACTOBACILLUS,active
LIMNANTHES ALBA SEED OIL,active
ORBIGNYA OLEIFERA SEED OIL,active
POLYGLYCERYL-6 CAPRYLATE,base
SHEA BUTTER ETHYL ESTERS,active
GERANYL ACETATE,fragrances
HYDROXYPROPYLTRIMONIUM HYALURONATE,active
MANGIFERA INDICA SEED BUTTER,active
POLYHYDROXYSTEARIC ACID,base
SODIUM ACRYLATE/SODIUM ACRYLOYLDIMETHYL TAURATE COPOLYMER,base
BUTYLENE/ETHYLENE/STYRENE COPOLYMER,base
DIISOSTEAROYL POLYGLYCERYL-3 DIMER DILINOLEATE,base
ETHYLENE/PROPYLENE/STYRENE COPOLYMER,base
FERULIC ACID,active
ACETYL CEDRENE,fragrances
CARNOSINE,active
HYDROGENATED ETHYLHEXYL OLIVATE,active
HYDROGENATED OLIVE OIL UNSAPONIFIABLES,active
ORYZA SATIVA EXTRACT,active
T-BUTYL ALCOHOL,base
CHONDRUS CRISPUS POWDER,active; base
CYANOCOBALAMIN,active
MAGNESIUM SULFATE,base
MALTOOLIGOSYL GLUCOSIDE,active
SODIUM GLUCONATE,base
SODIUM PHOSPHATE,base
CUCUMIS SATIVUS FRUIT EXTRACT,active
PEG/PPG-17/6 COPOLYMER,base
SH-OLIGOPEPTIDE-1,active
SODIUM ACRYLATES COPOLYMER,base
TRANEXAMIC ACID,active
GLYCERYL BEHENATE,active; base
HELIANTHUS ANNUUS HYBRID OIL,active; base
HYDROGENATED PALM OIL,active
RUBUS IDAEUS FRUIT EXTRACT,active
SUCRALOSE,fragrances
TRIETHYLHEXANOIN,base
TRIOLEIN,active; base
BAKUCHIOL,active
C15-19 ALKANE,base
CHONDRUS CRISPUS,active; base
CREATINE,active
GLYCOLIPIDS,active; base
HISTIDINE,active
HYDROLYZED SPONGE,active
SODIUM COCOYL ISETHIONATE,base
CENTELLA ASIATICA LEAF EXTRACT,active
DIPEPTIDE DIAMINOBUTYROYL BENZYLAMIDE DIACETATE,active
PENTAERYTHRITYL TETRAETHYLHEXANOATE,base
POTASSIUM PHOSPHATE,base
1-METHYLHYDANTOIN-2-IMIDE,active
CALENDULA OFFICINALIS FLOWER EXTRACT,active
COPTIS JAPONICA ROOT EXTRACT,active
DISODIUM COCOYL GLUTAMATE,base
HYDROLYZED CAESALPINIA SPINOSA GUM,base
MALTOSE,active
MICROCRYSTALLINE WAX,active; base
MOMORDICA CHARANTIA FRUIT EXTRACT,active
N-PROLYL PALMITOYL TRIPEPTIDE-56 ACETATE,active
PAEONIA LACTIFLORA ROOT EXTRACT,active
PENTAERYTHRITYL TETRAISOSTEARATE,base
POTASSIUM HYALURONATE,active
RESVERATROL,active
SACCHARIDE ISOMERATE,active
AVENA SATIVA KERNEL EXTRACT,active
HYDROGENATED STYRENE/ISOPRENE COPOLYMER,base
ISODODECANE,base
OCTYLDODECYL LAUROYL GLUTAMATE,active; base
PALMITOYL HEXAPEPTIDE-12,active
PALMITOYL PENTAPEPTIDE-4,active
SOLUBLE COLLAGEN,active
BIFIDA FERMENT LYSATE,active
ISODECYL NEOPENTANOATE,base
MACROCYSTIS PYRIFERA EXTRACT,active
P-ANISIC ACID,fragrances
PYRIDOXINE HCL,active
ROSE KETONES,fragrances
SODIUM DNA,active
CAPRYLYL METHICONE,active; base
CITRUS AURANTIUM BERGAMIA PEEL OIL,active; fragrances
DAUCUS CAROTA SATIVA ROOT EXTRACT,active
DEXTRIN PALMITATE,base
ERYTHRITOL,active
GLYCERYL DIOLEATE,active; base
LYSINE,active
POLYGLYCERYL-10 MYRISTATE,base
POLYGLYCERYL-4 LAURATE,base
SODIUM COCO-SULFATE,base
ALPHA-ARBUTIN,active
AMYL SALICYLATE,fragrances
CYCLODEXTRIN,base
HYDROLYZED CANDIDA SAITOANA EXTRACT,active
JUNIPERUS VIRGINIANA OIL,active; fragrances
LAURIC ACID,active; base
LEUCONOSTOC,active
MELIA AZADIRACHTA LEAF EXTRACT,active
POLYMNIA SONCHIFOLIA ROOT JUICE,active
SACCHAROMYCES LYSATE EXTRACT,active
SH-POLYPEPTIDE-69,active
VEGETABLE OIL,active
AMINOBUTYRIC ACID,active
CAMELLIA SINENSIS LEAF WATER,active
CAMPHOR,active; fragrances
CARVONE,fragrances
CICHORIUM INTYBUS ROOT OLIGOSACCHARIDES,active
CITRUS JUNOS FRUIT EXTRACT,active
DISTARCH PHOSPHATE,base
GELLAN GUM,base
HEDERA HELIX LEAF,active
HEXAPEPTIDE-9,active
HIPPOPHAE RHAMNOIDES FRUIT EXTRACT,active
HYDROGENATED VEGETABLE GLYCERIDES CITRATE,active; base
IRIS FLORENTINA ROOT EXTRACT,active
MANGIFERA INDICA FRUIT EXTRACT,active
PVM/MA COPOLYMER,base
PYRUS COMMUNIS FRUIT EXTRACT,active
TREMELLA FUCIFORMIS POLYSACCHARIDE,active
VANILLA PLANIFOLIA FRUIT EXTRACT,active; fragrances
CI 61565,dyes
GALACTOMYCES FERMENT FILTRATE,active
HYDROGENATED VEGETABLE GLYCERIDES,active; base
ILLITE,base; dyes
MELIA AZADIRACHTA FLOWER EXTRACT,active
ORYZA SATIVA STARCH,base
PHOSPHATIDYLCHOLINE,active; base
PHYTOSTERYL DIMER DILINOLEYL DIMER DILINOLEATE,base
POLYDEXTROSE,active; base
POLYHYDROXYSTEARATE,base
RETINAL,active
ROSA HYBRID FLOWER EXTRACT,active
SEBACATE,base
SIMETHICONE,base
TETRAPEPTIDE-4,active
ZINGIBER OFFICINALE ROOT EXTRACT,active
HOUTTUYNIA CORDATA EXTRACT,active
HYDROGENATED PALM GLYCERIDES,active; base
HYDROXYPROPYL METHYLCELLULOSE,base
INOSITOL,active
ISOSTEARYL HYDROXYSTEARATE,base
KAPPAPHYCUS ALVAREZII EXTRACT,active
LINUM USITATISSIMUM SEED EXTRACT,active
LONICERA JAPONICA FLOWER EXTRACT,active
MENTHYL LACTATE,active; fragrances
OCIMUM SANCTUM LEAF EXTRACT,active
PAEONIA OFFICINALIS FLOWER EXTRACT,active
PHENYLALANINE,active
POLY C10-30 ALKYL ACRYLATE,base
POLYGLYCERYL-4 DIISOSTEARATE,base
PRUNUS AVIUM SEED OIL,active
SACCHAROMYCES CEREVISIAE EXTRACT,active
SH-POLYPEPTIDE-1,active
STYRENE/ISOPRENE COPOLYMER,base
TETRAHEXYLDECYL ASCORBATE,active
VACCINIUM ANGUSTIFOLIUM FRUIT EXTRACT,active
ACACIA SEYAL GUM EXTRACT,active
BLACK TEA FERMENT,active
CAPRIC TRIGLYCERIDE,active; base
COPERNICIA CERIFERA WAX,active; base
CUCUMIS MELO FRUIT EXTRACT,active
DAUCUS CAROTA SATIVA SEED OIL,active
DIMER DILINOLEYL DIMER DILINOLEATE,base
DIPENTAERYTHRITYL HEXACAPRYLATE,base
HYDROLYZED ADANSONIA DIGITATA SEED EXTRACT,active
ILLICIUM VERUM FRUIT EXTRACT,active
MELALEUCA ALTERNIFOLIA LEAF EXTRACT,active
NELUMBO NUCIFERA FLOWER EXTRACT,active
ORYZA SATIVA SEED WATER,active
PALMITOYL DIPEPTIDE-5 DIAMINOBUTYROYL HYDROXYTHREONINE,active
PERLITE,base
POLYGONUM CUSPIDATUM ROOT EXTRACT,active
PPG-17,base
PYRUS MALUS FRUIT EXTRACT,active
SH-OLIGOPEPTIDE-2,active
XYLINUM,active; base
ACETYL GLUTAMINE,active
AGAR,base
AMYLOPECTIN,base
BAMBUSA VULGARIS LEAF EXTRACT,active
CHLORELLA VULGARIS EXTRACT,active
CI 45380,dyes
COLLAGEN EXTRACT,active
COLLOIDAL GOLD,active
CORALLINA OFFICINALIS EXTRACT,active
ETHYL HEXANEDIOL,base
ETHYLENE/VA COPOLYMER,base
FOLIC ACID FERMENT FILTRATE EXTRACT,active
HAMAMELIS VIRGINIANA LEAF EXTRACT,active
HYDROGENATED PALM GLYCERIDES CITRATE,active; base
HYDROLYZED JOJOBA ESTERS,active
LACTOBACILLUS EXTRACELLULAR VESICLES,active
LAVANDULA OIL,active; fragrances
LITHOSPERMUM ERYTHRORHIZON ROOT EXTRACT,active
LITHOTHAMNION CALCAREUM EXTRACT,active
MAGNESIUM HYDROXIDE,base
METHICONE,base
MONTMORILLONITE,base; dyes
O-CYMEN-5-OL,preservative
OLEA EUROPAEA HUSK OIL,active; base
PEG-20 GLYCERYL TRIISOSTEARATE,base
PELARGONIUM GRAVEOLENS FLOWER OIL,active; fragrances
PROPYLHEPTYL CAPRYLATE,base
SODIUM ANISATE,fragrances
SODIUM POLYACRYLATE STARCH,base
SODIUM SACCHARIN,active
STEVIA REBAUDIANA EXTRACT,active
THEOBROMA CACAO EXTRACT,active
YEAST EXTRACT,active
ADANSONIA DIGITATA SEED OIL,active
ANANAS SATIVUS FRUIT EXTRACT,active
ARUNDINARIA GIGANTEA FERMENT FILTRATE,active
BENZOTRIAZOLYL DODECYL P-CRESOL,base
BROMELAIN,active
CALCIUM PCA,active
COCONUT ALKANES,base
COCOS NUCIFERA FRUIT EXTRACT,active
DECYLENE GLYCOL,base
DIETHYLHEXYL CARBONATE,base
DIISOPROPYL SEBACATE,base
DIMETHYL ISOSORBIDE,base
GLUCOSYL HESPERIDIN,active
GLYCINE SOJA PROTEIN,active
GOSSYPIUM HERBACEUM SEED OIL,active
HYDROXYSTEARIC ACID,base
LACTOBIONIC ACID,active
LACTOCOCCUS FERMENT LYSATE,active
LAURYL PEG,base
MELATONIN,active
METHYL GLUCETH-20,active
POLYACRYLATE-13,base
PPG-18,base
PROPOLIS EXTRACT,active
RHUS VERNICIFLUA PEEL CERA,active; base
SACCHAROMYCES FERMENT FILTRATE,active
SH-POLYPEPTIDE-11,active
SH-POLYPEPTIDE-9,active
TAURINE,base
TETRADECYL AMINOBUTYROYLVALYLAMINOBUTYRIC UREA TRIFLUOROACETATE,active
ULMUS DAVIDIANA ROOT EXTRACT,active
ACETYL HEPTAPEPTIDE-9,active
ALBIZIA JULIBRISSIN BARK EXTRACT,active
BRASSICA CAMPESTRIS SEED OIL,active
C13-14 ISOALKANE,base
CAESALPINIA SPINOSA FRUIT EXTRACT,active
CARICA PAPAYA FRUIT EXTRACT,active
CAVIAR EXTRACT,active
CITRULLUS LANATUS FRUIT EXTRACT,active
CITRUS AURANTIUM DULCIS PEEL OIL,active; fragrances
DECYL COCOATE,base
DEXTRAN,base
DIGLYCERIN,active; base
DISODIUM CETEARYL SULFOSUCCINATE,base
ETHYLHEXYL HYDROXYSTEARATE,base
FRAGARIA ANANASSA FRUIT EXTRACT,active
HEPTAPEPTIDE-7,active
HEPTYL GLUCOSIDE,base
HESPERIDIN METHYL CHALCONE,active
HONEY EXTRACT,active
INULIN LAURYL CARBAMATE,active
L-PROLINE,active
MAURITIA FLEXUOSA FRUIT OIL,active
MORUS ALBA BARK EXTRACT,active
PHOSPHATIDYLSERINE,active
POLYGLYCERYL-10 OLEATE,base
POLYGLYCERYL-3 PCA,base
PROPYL GALLATE,active
ROSA CANINA FRUIT OIL,active
SACCHARUM OFFICINARUM EXTRACT,active
SCLEROCARYA BIRREA SEED OIL,active
SILICA SILYLATE,base
SPHINGOMONAS FERMENT EXTRACT,active
SPILANTHES ACMELLA FLOWER EXTRACT,active
SUCCINOGLYCAN,active; base
TRIMETHYLBENZENEPROPANOL,fragrances
ACETYL HEPTAPEPTIDE-4,active
ARCTIUM LAPPA ROOT EXTRACT,active
BETAINE SALICYLATE,active
CARNITINE,active
CISTUS INCANUS FLOWER,active
COCCINIA INDICA FRUIT EXTRACT,active
DIMETHYLSILANOL HYALURONATE,active
DIPEPTIDE-2,active
ELAEIS GUINEENSIS OIL,active; base
HOYA LACUNOSA FLOWER EXTRACT,active
HYDROGENATED SOYBEAN OIL,active
HYDROGENATED STYRENE/METHYLSTYRENE/INDENE COPOLYMER,base
ISOSTEARYL ALCOHOL,base
JASMINE OIL,active; fragrances
JASMINUM OFFICINALE FLOWER EXTRACT,active; fragrances
LEUCINE,active
METHYL RAPESEEDATE FERMENT,active
MORUS ALBA LEAF EXTRACT,active
MUSA SAPIENTUM FRUIT EXTRACT,active
OLIGOPEPTIDE-68,active
ORYZA SATIVA BRAN EXTRACT,active
POLYGLYCERYL-2 STEARATE,base
POLYQUATERNIUM-51,base
RIBES NIGRUM SEED OIL,active
SACCHAROMYCES FERMENT LYSATE FILTRATE,active
SODIUM OLEATE,base
TERMINALIA FERDINANDIANA FRUIT EXTRACT,active
TREMELLA FUCIFORMIS EXTRACT,active
TRIMETHYLOLPROPANE TRIISOSTEARATE,base
TYROSINE,active
VINYL DIMETHICONE,base
XANTHOHUMOL,active
ACETYL GLUCOSAMINE,active
ATELOCOLLAGEN,active
BUTYROSPERMUM PARKII,active
CALCIUM CHLORIDE,base
CAPRYLOYL GLYCINE,active
CENTELLA ASIATICA CALLUS EXTRACELLULAR VESICLES,active
CETYL ACETATE,base
CI 42051,dyes
CITRUS AURANTIUM DULCIS JUICE,active
CROSCARMELLOSE,base
DARUTOSIDE,active
GLYCERYL UNDECYLENATE,active; base
GLYCINE SOJA SEED EXTRACT,active
HELIANTHUS ANNUUS SEED WAX,active; base
HYDROLYZED EXTENSIN,active
HYDROLYZED PEARL,active
HYDROXYPROPYL TETRAHYDROPYRANTRIOL,active
ISOPENTYLDIOL,active; base
MAGNESIUM GLUCONATE,active
MAGNOLIA OFFICINALIS BARK EXTRACT,active
MALPIGHIA GLABRA FRUIT EXTRACT,active
MANGANESE CHLORIDE,base
MELALEUCA ALTERNIFOLIA LEAF WATER,active
MINERAL SALTS,base
NEOHESPERIDIN DIHYDROCHALCONE,active
OLIVE GLYCERIDES,active; base
PAEONIA SUFFRUTICOSA ROOT EXTRACT,active
PALMITOYL TRIPEPTIDE-8,active
PEARL EXTRACT,active
PEG-75 STEARATE,base
PENTAPEPTIDE-18,active
PIROCTONE OLAMINE,preservative
POLYGLYCERYL-2 DIISOSTEARATE,base
POLYGLYCERYL-3 POLYRICINOLEATE,base
PRUNUS PERSICA FRUIT EXTRACT,active
PRUNUS SERRULATA FLOWER EXTRACT,active
ROSA CENTIFOLIA FLOWER WATER,active
SESAMUM INDICUM SEED EXTRACT,active
SORBETH-30 TETRAOLEATE,base
SPHINGOLIPIDS,active
SUCROSE DISTEARATE,base
TRITICUM VULGARE GERM EXTRACT,active
VACCINIUM MACROCARPON FRUIT EXTRACT,active
VACCINIUM MYRTILLUS FRUIT EXTRACT,active
VANILLYL BUTYL ETHER,active; fragrances
ACMELLA OLERACEA EXTRACT,active
ALOE BARBADENSIS EXTRACT,active
ANGELICA GIGAS ROOT EXTRACT,active
ARACHIDIC ACID,base
ASCOPHYLLUM NODOSUM EXTRACT,active
AVENA SATIVA KERNEL OIL,active
BENZYL GLYCOL,base
BETA-CARYOPHYLLENE,fragrances
BIXA ORELLANA SEED OIL,active
BUTYLOCTYL SALICYLATE,base
C12-22 ALKYL ACRYLATE/HYDROXYETHYLACRYLATE COPOLYMER,base
CANANGA ODORATA OIL,active; fragrances
CAPRIC,base
CAPRYL,base
CENTELLA ASIATICA ROOT EXTRACT,active
CETEARETH-25,base
CETYL PEG,base
CHAENOMELES SINENSIS FRUIT EXTRACT,active
CI 14720,dyes
CITRUS LIMON FRUIT WATER,active
CITRUS SEEDAMIDOPROPYL OLEATE,base
COPAIFERA OFFICINALIS RESIN,active
CYPERUS ESCULENTUS TUBER EXTRACT,active
CYSTEINE,active
DIPOTASSIUM PHOSPHATE,base
FOLIC ACID,active
FRAGARIA VESCA JUICE,active
GARDENIA FLORIDA FRUIT EXTRACT,active
GLYCERYL ROSINATE,base
HIPPOPHAE RHAMNOIDES OIL,active; base
HYDROGENATED PHOSPHATIDYLCHOLINE,active; base
HYDROLYZED MYRTUS COMMUNIS LEAF EXTRACT,active
HYDROLYZED WHEAT PROTEIN,active
LAURYL ALCOHOL DIPHOSPHONIC ACID,base
MALTOBIONIC ACID,active
MANNOSE,active
METHIONINE,active
METHYL METHACRYLATE CROSSPOLYMER,base
MYRISTYL ALCOHOL,base
MYRTRIMONIUM BROMIDE,base
OLEA EUROPAEA OIL UNSAPONIFIABLES,active; base
ORNITHINE HCL,active
PHELLINUS LINTEUS EXTRACT,active
POLYGLYCERIN-3,base
POLYGLYCERYL-3 DICITRATE,base
POLYVINYL ALCOHOL,base
POTASSIUM AZELOYL DIGLYCINATE,active
PPG-10,base
RASPBERRY KETONE,fragrances
ROSA CANINA SEED OIL,active
RUBUS FRUTICOSUS FRUIT EXTRACT,active
SHOREA STENOPTERA SEED BUTTER,active
SODIUM HYALURONATE DIMETHYLSILANOL,active
SODIUM ISOSTEARATE,base
SODIUM METHYL COCOYL TAURATE,base
SODIUM POLYACRYLOYLDIMETHYL TAURATE,base
SOPHORA FLAVESCENS ROOT EXTRACT,active
SOYBEAN FERMENT EXTRACT,active
STEARIC TRIGLYCERIDE,active; base
STEVIA REBAUDIANA LEAF,active
TRIHEPTANOIN,base
VIOLA TRICOLOR EXTRACT,active
ZANTHOXYLUM PIPERITUM FRUIT EXTRACT,active
3-GLYCERYL ASCORBATE,active
ACETYL HEXAPEPTIDE-49,active
ACETYL HYDROXYPROLINE,active
ANETHOLE,fragrances
ARNICA MONTANA FLOWER EXTRACT,active
BACILLUS FERMENT,active
BIFIDA FERMENT FILTRATE,active
C12-13 ALKYL GLYCERYL HYDROLYZED HYALURONATE,active
C20-22 ALKYL PHOSPHATE,base
C30-45 ALKYL CETEARYL DIMETHICONE CROSSPOLYMER,base
CAFFEIC ACID,active
CERESIN,base
CETEARYL DIMETHICONE CROSSPOLYMER,base
CIRE DABEILLE,active; base
CIRE MICROCRISTALLINE,active; base
CITRUS AURANTIUM AMARA FLOWER EXTRACT,active
CITRUS NOBILIS FRUIT EXTRACT,active
CLITORIA TERNATEA FLOWER EXTRACT,active
CYPERUS ROTUNDUS ROOT EXTRACT,active
DIBUTYL LAUROYL GLUTAMIDE,base
DIMETHYLAMINOETHANOL TARTRATE,active
ECLIPTA PROSTRATA EXTRACT,active
EQUISETUM ARVENSE LEAF EXTRACT,active
ETHYLHEXYL PELARGONATE,base
EUCALYPTUS GLOBULUS OIL,active; fragrances
EUGLENA GRACILIS POLYSACCHARIDE,active
FICIN,active
FRUCTOOLIGOSACCHARIDES,active
GALLIC ACID,active
GLUTAMINE,active
GLYCERETH-18 ETHYLHEXANOATE,active; base
GLYCYRRHIZA URALENSIS ROOT EXTRACT,active
HELIANTHUS ANNUUS SPROUT EXTRACT,active
HIMANTHALIA ELONGATA EXTRACT,active
HUILE MINERALE,active; base
HYDROGENATED CASTOR OIL DIMER DILINOLEATE,active; base
LAURDIMONIUM HYDROXYPROPYL HYDROLYZED SOY PROTEIN,active
LINSEED ACID,active
LYSINE HCL,active
MENTHA PIPERITA LEAF EXTRACT,active
METHYL SALICYLATE,fragrances
NONAPEPTIDE-1,active
PEARL POWDER,active
PEG-10 DIMETHICONE,base
PERSEA GRATISSIMA FRUIT EXTRACT,active
POLYGLYCERYL-2 ISOSTEARATE/DIMER DILINOLEATE COPOLYMER,base
PRUNUS AMYGDALUS DULCIS FRUIT EXTRACT,active
PRUNUS MUME FRUIT EXTRACT,active
PUMPKIN FRUIT FERMENT FILTRATE,active
SODIUM CHONDROITIN SULFATE,base
SODIUM DEXTRAN SULFATE,base
SORBITYL LAURATE,base
SUPEROXIDE DISMUTASE,active
THEOBROMA GRANDIFLORUM SEED BUTTER,active
THYMUS VULGARIS FLOWER,active
TILIA CORDATA FLOWER EXTRACT,active
TRIDECANE,base
UNDECANE,base
ZANTHOXYLUM ALATUM FRUIT EXTRACT,active
ZINC HYDROLYZED HYALURONATE,active
3.4-DIHYDROXYBENZOIC ACID,active
7-DEHYDROCHOLESTEROL,base
ALTEROMONAS FERMENT EXTRACT,active
ARTEMISIA CAPILLARIS EXTRACT,active
ASCORBYL METHYLSILANOL PECTINATE,active
ASTRAGALUS MEMBRANACEUS ROOT EXTRACT,active
BARLEY SEED FERMENT FILTRATE,active
BRASSICA CAMPESTRIS STEROLS,active
C12-14 PARETH-12,base
C20-22 ALCOHOLS,base
CALAMINE,active; dyes
CAMELLIA SINENSIS SEED OIL,active
CASTANEA CRENATA SHELL EXTRACT,active
CAULERPA LENTILLIFERA EXTRACT,active
CENTELLA ASIATICA CALLUS CONDITIONED MEDIA,active
CENTELLA ASIATICA EXTRACT FERMENT,active
CHELIDONIUM MAJUS EXTRACT,active
CIMICIFUGA RACEMOSA ROOT EXTRACT,active
COENOCHLORIS SIGNIENSIS EXTRACT,active
CROCUS CHRYSANTHUS BULB EXTRACT,active
CUCUMIS SATIVUS EXTRACT,active
CUPRIC CHLORIDE,active
DIBUTYL ETHYLHEXANOYL GLUTAMIDE,base
DIPALMITOYL HYDROXYPROLINE,active
ECHINACEA PURPUREA FLOWER,active
ETHYL OLEATE,base
EUPHRASIA OFFICINALIS EXTRACT,active
GARCINIA INDICA SEED BUTTER,active
GLYCERETH-7 CAPRYLATE,active; base
GLYCINE MAX SEED EXTRACT,active
GYNOSTEMMA PENTAPHYLLUM LEAF,active
HYDROGENATED COCONUT OIL,active
HYDROLYZED CORN STARCH,base
HYDROLYZED OPUNTIA FICUS-INDICA FLOWER EXTRACT,active
HYDROLYZED RICE BRAN PROTEIN,active
HYPERICUM PERFORATUM FLOWER,active
ISOBUTYLAMIDO THIAZOLYL RESORCINOL,active
ISOEUGENYL ACETATE,fragrances
LAMINARIA JAPONICA EXTRACT,active
LEPTOSPERMUM SCOPARIUM LEAF EXTRACT,active
LONICERA CAPRIFOLIUM FLOWER EXTRACT,active
MAGNESIUM SILICATE,base
MAGNESIUM STEARATE,base
MALPIGHIA PUNICIFOLIA FRUIT EXTRACT,active
MANGANESE PCA,active
MARIS SAL,active
MEL EXTRACT,active
NEOPENTYL GLYCOL DIHEPTANOATE,base
OENOTHERA BIENNIS FLOWER EXTRACT,active
OLIVE OIL PEG-7 ESTERS,base
OPUNTIA FICUS-INDICA SEED OIL,active
PEG-120 METHYL GLUCOSE DIOLEATE,base
PINUS PALUSTRIS LEAF EXTRACT,active
PLANTAGO LANCEOLATA LEAF EXTRACT,active
POLYGLYCERIN-10,base
POLYGLYCERYL-3 BEESWAX,active; base
POLYGLYCERYL-3 COCOATE,base
POLYGLYCERYL-6 PALMITATE,base
POLYGONUM MULTIFLORUM ROOT EXTRACT,active
PRUNUS AMYGDALUS DULCIS SEED EXTRACT,active
PRUNUS AVIUM FRUIT JUICE,active
PRUNUS CERASUS FRUIT EXTRACT,active
PSIDIUM GUAJAVA FRUIT EXTRACT,active
PUERARIA LOBATA ROOT EXTRACT,active
REUTERIN,active
ROYAL JELLY,active
SACCHARIN,active
SAFFLOWER SEED OIL PIPERONYL ESTERS,active; base
SAPONARIA OFFICINALIS ROOT EXTRACT,active
SCHISANDRA CHINENSIS FRUIT EXTRACT,active
SIMMONDSIA CHINENSIS BUTTER,active
SOLANUM MELONGENA FRUIT EXTRACT,active
SPIRULINA PLATENSIS EXTRACT,active
SUCROSE STEARATE,base
SYNTHETIC BEESWAX,base
TUSSILAGO FARFARA FLOWER,active
VITIS VINIFERA SEED EXTRACT,active
XANTHOPHYLLS,active; dyes
ACETYL OCTAPEPTIDE-3,active
ADANSONIA DIGITATA PULP EXTRACT,active
ALARIA ESCULENTA EXTRACT,active
ALLIUM SATIVUM BULB EXTRACT,active
ALOE BARBADENSIS FLOWER EXTRACT,active
ALUMINIUM HYDROXIDE,base
ALUMINUM GLYCINATE,base
AMARANTHUS CAUDATUS SEED EXTRACT,active
AMMONIUM ACRYLOYLDIMETHYLTAURATE/STEARETH-25 METHACRYLATE CROSSPOLYMER,base
AMMONIUM GLYCYRRHIZATE,active
ANEMARRHENA ASPHODELOIDES ROOT EXTRACT,active
ANTHEMIS NOBILIS FLOWER EXTRACT,active
ARTEMISIA PRINCEPS LEAF EXTRACT,active
AVENA SATIVA BRAN EXTRACT,active
BAMBUSA VULGARIS LEAF,active
BAROSMA BETULINA LEAF EXTRACT,active
BELLIS PERENNIS FLOWER EXTRACT,active
BULBINE FRUTESCENS LEAF JUICE,active
BUTYROSPERMUM PARKII BUTTER EXTRACT,active
CALOPHYLLUM INOPHYLLUM SEED OIL,active
CAMELINA SATIVA SEED OIL,active
CENTELLA ASIATICA FLOWER,active
CETRARIA ISLANDICA EXTRACT,active
CI 15510,dyes
CI 16185,dyes
CI 75120,dyes
CI 75810,dyes
CICHORIUM INTYBUS ROOT EXTRACT,active
CITRULLINE,active
CITRUS AURANTIUM DULCIS FLOWER WATER,active
CITRUS GRANDIS SEED EXTRACT,active
CITRUS LIMON OIL,active; fragrances
CITRUS PARADISI FRUIT EXTRACT,active
CITRUS SINENSIS PEEL OIL,active; fragrances
COCOS NUCIFERA WATER,active
CODIUM TOMENTOSUM EXTRACT,active
COFFEA ARABICA SEED EXTRACT,active
COIX LACRYMA-JOBI MA-YUEN SEED EXTRACT,active
COIX LACRYMA-JOBI MA-YUEN SEED FERMENT FILTRATE,active
DECYL ALCOHOL,base
DIETHOXYETHYL SUCCINATE,base
DIPPG-3 MYRISTYL ETHER ADIPATE,base
DISODIUM OLEATE,base
EPIGALLOCATECHIN GALLATE,active
ETHYLHEXYL OLIVATE,active
FRAGARIA CHILOENSIS FRUIT EXTRACT,active
FULLERENES,active
GANODERMA LUCIDUM EXTRACT,active
GENTIANA SCABRA ROOT EXTRACT,active
GLYCINE SOJA OIL UNSAPONIFIABLES,active
HAMAMELIS VIRGINIANA LEAF WATER,active
HELICHRYSUM ITALICUM FLOWER,active
HIBISCUS ESCULENTUS FRUIT EXTRACT,active
HORDEUM VULGARE POWDER,active
HYDROGENATED FARNESENE,base
HYDROGENATED MICROCRYSTALLINE WAX,active; base
HYDROGENATED OLIVE OIL,active
HYDROGENATED OLIVE OIL DECYL ESTERS,active; base
HYDROLYZED SILK,active
HYDROXYPROPYL CELLULOSE,base
HYLOCEREUS UNDATUS FRUIT EXTRACT,active
JASMINUM OFFICINALE EXTRACT,active; fragrances
LACTOCOCCUS FERMENT EXTRACT,active
LEONTOPODIUM ALPINUM FLOWER,active
MAGNESIUM FERMENT,active
MAGNESIUM LACTATE,active
MAGNOLIA BIONDII BUD,active
MENTHA VIRIDIS LEAF OIL,active; fragrances
MORINGA OLEIFERA SEED EXTRACT,active
NICOTINAMIDE ADENINE DINUCLEOTIDE,active
NIGELLA SATIVA SEED OIL,active
OCTYLDODECETH-16,base
OCTYLDODECYL XYLOSIDE,active; base
OLIVE OIL DECYL ESTERS,active; base
OPUNTIA FICUS-INDICA EXTRACT,active
ORYZA SATIVA BRAN WAX,active; base
OSTREA SHELL EXTRACT,active
OXIDIZED STARCH ACETATE,base
PANAX GINSENG ROOT FERMENT FILTRATE,active
PEG-10 ISOSTEARATE,base
PEG-150 PENTAERYTHRITYL TETRASTEARATE,base
PEG-20 GLYCERYL LAURATE,base
PENTAPEPTIDE-3,active
PHYTOSTERYL OLEATE,base
PISTACIA LENTISCUS GUM,base
PISTACIA VERA SEED OIL,active
POLYBUTYLENE GLYCOL-8,base
POLYGLYCERYL-10 DECAOLEATE,base
POLYGLYCERYL-3 CAPRATE,base
POLYGLYCERYL-6 LAURATE,base
POTASSIUM COCOATE,base
POTASSIUM COCOYL GLYCINATE,base
PROPYLENE GLYCOL DICAPRYLATE,base
PRUNUS PERSICA KERNEL OIL,active
PUMICE,active
PYRUS MALUS SEED OIL,active
REBAUDIOSIDE A,fragrances
RICE BRAN POLYGLYCERYL-3 ESTERS,base
RICE FERMENT,active
ROSE FLOWER OIL,active; fragrances
ROSMARINUS OFFICINALIS EXTRACT,active
SALICYLOYL DECAPEPTIDE-10,active
SALICYLOYL PHYTOSPHINGOSINE,active
SALIX ALBA BARK EXTRACT,active
SALVIA HISPANICA SEED OIL,active
SH-DECAPEPTIDE-5 SP,active
SILANETRIOL,active
SILICON FERMENT,active
SILYBUM MARIANUM SEED OIL,active
SODIUM LAURETH,base
SODIUM POLYGLUTAMATE,active
SODIUM STEARATE,base
SODIUM STEAROYL LACTYLATE,base
SUNFLOWER SEED ACID,active
TAMARINDUS INDICA EXTRACT,active
TAMARINDUS INDICA SEED GUM,active
TRIOCTYLDODECYL CITRATE,base
TRIS CITRATE,base
TROPAEOLUM MAJUS EXTRACT,active
TUBER MELANOSPORUM EXTRACT,active
USNEA BARBATA EXTRACT,active
VEGETABLE COLLAGEN,active
VITIS VINIFERA FRUIT WATER,active
3-AMINOPROPANE SULFONIC ACID,active
ACACIA SENEGAL GUM EXTRACT,active
ACEROLA CHERRY FERMENT,active
ACETYL SH-HEPTAPEPTIDE-1,active
ACETYL TETRAPEPTIDE-15,active
ACETYL TRIFLUOROMETHYLPHENYL VALYLGLYCINE,active
ACORUS CALAMUS ROOT EXTRACT,active
ACRYLATES/AMMONIUM METHACRYLATE COPOLYMER,base
ACRYLONITRILE/METHYL METHACRYLATE/VINYLIDENE CHLORIDE COPOLYMER,base
AGAVE TEQUILANA LEAF EXTRACT,active
ALOE BARBADENSIS LEAF WATER,active
ALOE YOHJYU MATSU EKISU,active
ALUMINUM STEARATES,base
AMMONIUM ACRYLOYLDIMETHYLTAURATE/CARBOXYETHYL ACRYLATE CROSSPOLYMER,base
AMMONIUM LACTATE,active
AMYRIS BALSAMIFERA BARK OIL,active
APHANIZOMENON FLOS-AQUAE EXTRACT,active
ARCTOSTAPHYLOS UVA-URSI LEAF EXTRACT,active
ASPERGILLUS FERMENT,active
ASTROCARYUM VULGARE SEED BUTTER,active
AVENA SATIVA KERNEL FLOUR,active
BAMBUSA VULGARIS SHOOT EXTRACT,active
BEHENYL DIMER DILINOLEATE,base
BENZYL NICOTINATE,active
BRASSICA OLERACEA ITALICA EXTRACT,active
BUTETH-3,base
C10-30 CHOLESTEROL,active; base
C12-16 ALCOHOLS,base
C13-16 ISOALKANE,base
C20-24 OLEFIN,base
C9-12 ALKANE,base
CALCIUM HYDROXYMETHIONINE,active
CALCIUM LACTATE,active
CAMELLIA JAPONICA FLOWER EXTRACT,active
CAPRYLIC ACID,active; base
CARYODENDRON ORINOCENSE SEED OIL,active
CASTANEA SATIVA SEED EXTRACT,active
CEDRUS DEODARA WOOD OIL,active; fragrances
CELLULOSE ACETATE BUTYRATE,base
CENTELLA ASIATICA EXTRACT FERMENT FILTRATE,active
CENTELLA ASIATICA LEAF WATER,active
CETYL DIMETHICONE,base
CHAMOMILLA RECUTITA FLOWER WATER,active
CI 12085,dyes
CI 60730,dyes
CI 74160,dyes
CINCHONA PUBESCENS BARK EXTRACT,active
CITRUS GRANDIS FRUIT EXTRACT,active
CITRUS PARADISI PEEL OIL,active; fragrances
CITRUS TANGERINA PEEL OIL,active; fragrances
CITRUS UNSHIU PEEL EXTRACT,active
COCONUT ACID,active; base
COLLOIDAL PLATINUM,active
COPPER SULFATE,base
COPTIS CHINENSIS ROOT EXTRACT,active
CRATAEGUS MONOGYNA FLOWER EXTRACT,active
CROCUS SATIVUS FLOWER EXTRACT,active
CROCUS SATIVUS STIGMA EXTRACT,active
CROSSPOLYMER,base
CUCURBITACEAE EXTRACT,active
CURCUMA ZEDOARIA RHIZOME EXTRACT,active
CURCUMIN,active; dyes
CYMBOPOGON CITRATUS EXTRACT,active
CYNARA SCOLYMUS LEAF EXTRACT,active
DIAMOND POWDER,active
DIHYDROMYRICETIN,active
DIISOSTEARYL DIMER DILINOLEATE,base
DISODIUM LAURYL SULFOSUCCINATE,base
ECHINACEA PURPUREA EXTRACT,active
ENANTIA CHLORANTHA BARK EXTRACT,active
EPILOBIUM ANGUSTIFOLIUM FLOWER,active
ETHYL VANILLIN,fragrances
ETHYLCELLULOSE,base
FERULA GALBANIFLUA RESIN OIL,active; base
GARDENIA JASMINOIDES MERISTEM CELL CULTURE,active
GINKGO BILOBA NUT EXTRACT,active
GLYCERYL POLYMETHACRYLATE,base
GLYCINE SOJA GERM EXTRACT,active
GLYCYRRHIZA INFLATA ROOT EXTRACT,active
GOAT MILK EXTRACT,active
HAMAMELIS VIRGINIANA WATER,active
HELICHRYSUM STOECHAS FLOWER EXTRACT,active
HEPTYL UNDECYLENATE,base
HEXAMIDINE DIISETHIONATE,preservative
HEXYLDECYL STEARATE,base
HYDROCOLLOID,base
HYDROGENATED DILINOLEYL HYDROGENATED DIMER DILINOLEATE,base
HYDROLYZED SODIUM DNA,active
HYDROXYPINACOLONE RETINOATE,active
ISODONIS JAPONICUS LEAF,active
ISOSTEARYL,base
JASMINUM SAMBAC FLOWER EXTRACT,active; fragrances
JUGLANS REGIA SHELL POWDER,active
KUMMEROWIA STRIATA EXTRACT,active
LITHOPS PSEUDOTRUNCATELLA CALLUS LYSATE,active
LUFFA CYLINDRICA FRUIT EXTRACT,active
LYCIUM CHINENSE FRUIT EXTRACT,active
MACADAMIA INTEGRIFOLIA,active
MAGNESIUM HYDROXIDE STEARATE,base
MAGNESIUM OXIDE,base
MALT EXTRACT,active
MARRUBIUM VULGARE EXTRACT,active
MEADOWFOAM ESTOLIDE,base
MELALEUCA ALTERNIFOLIA EXTRACT,active
MINERAL OIL,active; base
MOONSTONE EXTRACT,active
MORUS ALBA FRUIT EXTRACT,active
MUSA SAPIENTIUM EXTRACT,active
MUSA SAPIENTUM FLOWER EXTRACT,active
NYMPHAEA ALBA FLOWER EXTRACT,active
OLEA EUROPAEA LEAF EXTRACT,active
OLEANOLIC ACID,active
OLIVE OIL GLYCERETH-8 ESTERS,active; base
ONSEN-SUI,active
ORYZA SATIVA GERM OIL,active; base
ORYZA SATIVA GERM POWDER,active
PAEONIA ALBIFLORA ROOT EXTRACT,active
PALMITOYL DIPEPTIDE-10,active
PANAX GINSENG BERRY EXTRACT,active
PAPAVER RHOEAS FLOWER EXTRACT,active
PASSIFLORA EDULIS FRUIT EXTRACT,active
PASSIFLORA INCARNATA SEED OIL,active
PEG-32,base
PERILLA OCYMOIDES LEAF EXTRACT,active
PHENOXYETHYL CAPRYLATE,base
PHENYLETHYL RESORCINOL,active
PHENYLPROPANOL,fragrances
PHYTOSTERYL,active
PLANTAGO LANCEOLATA SEED EXTRACT,active
POLYETHER-1,base
POLYGLYCERYL-10 CAPRYLATE,base
POLYGLYCERYL-10 HYDROXYSTEARATE,base
POLYGLYCERYL-10 ISOSTEARATE,base
POLYGLYCERYL-3 RICE BRANATE,base
POLYGLYCERYL-3 RICINOLEATE,base
POLYGLYCERYL-3 STEARATE,base
POLYGLYCERYL-4 PELARGONATE,base
POLYGLYCERYL-6 OLEATE,base
POLYQUATERNIUM-67,base
POPULUS TREMULOIDES BARK EXTRACT,active
POTASSIUM LACTATE,active
POTASSIUM PALMITOYL HYDROLYZED WHEAT PROTEIN,active
POTATO EXTRACT FERMENT FILTRATE,active
PPG-5-CETETH-20,base
PROPYLENE GLYCOL DIBENZOATE,base
PRUNUS ARMENIACA FRUIT EXTRACT,active
PSIDIUM GUAJAVA LEAF EXTRACT,active
PULSATILLA KOREANA EXTRACT,active
RHAMNOSE,active
RHEUM PALMATUM ROOT,active
RIBES NIGRUM LEAF EXTRACT,active
RIBOFLAVIN,active; dyes
ROSA CANINA FLOWER EXTRACT,active
ROSA DAMASCENA FLOWER EXTRACT,active; fragrances
ROSA RUBIGINOSA SEED OIL,active
SALVIA SCLAREA EXTRACT,active
SARCOSINE,active
SEPIOLITE,base
SHOREA ROBUSTA RESIN,active; base
SILICON,base
SILYBUM MARIANUM FRUIT EXTRACT,active
SODIUM ASCORBATE,active
SODIUM BENZOTRIAZOLYL BUTYLPHENOL SULFONATE,base
SODIUM COCOYL ALANINATE,base
SODIUM SURFACTIN,base
STYRENE/ACRYLATES COPOLYMER,base
STYRENE/VP COPOLYMER,base
SUCCINIC ACID,active
SUCROSE TETRASTEARATE TRIACETATE,base
SWEET ALMOND OIL POLYGLYCERYL-4 ESTERS,active; base
TARAXACUM OFFICINALE RHIZOME,active
TEPHROSIA PURPUREA SEED EXTRACT,active
THIAMINE HCL,active
TRIBUTYL CITRATE,base
TRICAPRYLIN,active; base
TRIETHYLENE GLYCOL ROSINATE,base
TRIPEPTIDE-2,active
TRIPEPTIDE-29,active
TRIPEPTIDE-3,active
VIGNA ACONITIFOLIA SEED EXTRACT,active
VIGNA RADIATA SEED EXTRACT,active
VP/EICOSENE COPOLYMER,base
YEAST BETA-GLUCAN,active
"1,5-PENTANEDIOL",active; base
"2-OLEAMIDO-1,3-OCTADECANEDIOL",active
2-PHENOXYETHANOL,preservative
3-0-ETHYL ASCORBIC ACID,active
4-T-BUTYLCYCLOHEXANOL,active
4-TERPINEOL,active; fragrances
ABIES SIBIRICA OIL,active; base
ACACIA DECURRENS FLOWER WAX,active; base
ACETYL HEXAPEPTIDE-1,active
ACHILLEA MILLEFOLIUM FLOWER EXTRACT,active
ACRYLATES/C12-22 ALKYL METHACRYLATE COPOLYMER,base
ACRYLATES/METHOXY PEG-15 METHACRYLATE COPOLYMER,base
ACTINIDIA CHINENSIS FRUIT,active
AESCULUS HIPPOCASTANUM EXTRACT,active
ALCHEMILLA VULGARIS EXTRACT,active
ALOE VERA LEAF EXTRACT,active
ALUMINUM,base
ALUMINUM SUCROSE OCTASULFATE,active
AMBER POWDER,active
AMETHYST EXTRACT,active
ANGELICA ARCHANGELICA ROOT EXTRACT,active
ARCTIUM MAJUS ROOT EXTRACT,active
ARTEMIA EXTRACT,active
ARTEMISIA ANNUA EXTRACT,active
ASARUM SIEBOLDII ROOT EXTRACT,active
ASPALATHUS LINEARIS EXTRACT,active
ASPALATHUS LINEARIS LEAF EXTRACT,active
ASTROCARYUM MURUMURU SEED BUTTER,active
AUREOBASIDIUM PULLULANS FERMENT EXTRACT,active
BABASSU OIL GLYCERETH-8 ESTERS,active; base
BACILLUS/SOYBEAN FERMENT EXTRACT,active
BACKHOUSIA CITRIODORA LEAF EXTRACT,active
BACOPA MONNIERI EXTRACT,active
BEHENYL BEESWAX,active; base
BEHENYL BEHENATE,base
BELLIS PERENNIS EXTRACT,active
BIDENS PILOSA EXTRACT,active
BIOFLAVONOIDS,active
BIOSACCHARIDE GUM-4,active; base
BIS DIGLYCERYL POLYACYLADIPATE 2,base
BRASSICA NIGRA SEED FERMENT EXTRACT,active
BRASSICA OLERACEA ACEPHALA LEAF EXTRACT,active
BUDDING AUREUS FERMENTATION PRODUCT,active
C15-23 ALKANE,base
C18-50 ISOALKANE,base
CAESALPINIA SPINOSA EXTRACT,active
CALENDULA OIL,active; fragrances
CAMELIA SINENSIS LEAF EXTRACT,active
CAMELLIA SINENSIS LEAF POWDER,active
CAPRAMIDOPROPYL BETAINE,base
CAPRIC GLYCERIDES POLYGLYCERYL-10 ESTERS,base
CAPRYLOYL GLYCERIN,active; base
CAPSANTHIN,active; dyes
CAPSICUM FRUTESCENS FRUIT EXTRACT,active
CASSIA OBTUSIFOLIA SEED EXTRACT,active
CASTOR OIL,active
CETEARETH-6,base
CETYL RICINOLEATE,base
CETYL STEARATE,base
CHAMAECYPARIS OBTUSA LEAF EXTRACT,active
CHAMOMILLA RECUTITA FLOWER,active
CHLOROPHYLLIN-COPPER COMPLEX,active; dyes
CHRYSANTHELLUM INDICUM EXTRACT,active
CI 12490,dyes
CI 14815,dyes
CI 15880,dyes
CI 47000,dyes
CICHORIUM INTYBUS LEAF EXTRACT,active
CISTUS INCANUS LEAF EXTRACT,active
CITROFORTUNELLA MICROCARPA FRUIT EXTRACT,active
CITRULLUS VULGARIS SEED OIL,active
CITRUS AURANTIUM AMARA FRUIT EXTRACT,active
CITRUS AURANTIUM DULCIS PEEL EXTRACT,active
CITRUS LIMON SEED OIL,active
CITRUS NOBILIS PEEL OIL,active; fragrances
CITRUS SINENSIS FRUIT EXTRACT,active
COCOS NUCIFERA FRUIT JUICE,active
COCOYL PROLINE,active; base
COLLOIDAL SILVER,active
COMMIPHORA MYRRHA RESIN EXTRACT,active
COPPER PCA,active
CORIANDRUM SATIVUM EXTRACT,active
CORYDALIS TURTSCHANINOVII ROOT EXTRACT,active
CRITHMUM MARITIMUM EXTRACT,active
CUCURBITA PEPO FRUIT EXTRACT,active
CUCURBITA PEPO SEED EXTRACT,active
DAUCUS CAROTA SATIVA ROOT FERMENT FILTRATE,active
DAVIDSONIA JERSEYANA FRUIT EXTRACT,active
DEHYDROXANTHAN GUM,base
DENDROBIUM OFFICINALE STEM EXTRACT,active
DIHEPTYL SUCCINATE,base
DILAURYL CITRATE,base
DIMETHYLIMIDAZOLIDINONE RICE STARCH,base
DIMETHYLMETHOXY CHROMANOL,active
DIMETHYLMETHOXY CHROMANYL PALMITATE,active
DIPEPTIDE-1 CETYL ESTER,active
DIPHENYL DIMETHICONE,base
DIPROPYLENE GLYCOL DIBENZOATE,base
DODECANE,base
ECKLONIA CAVA EXTRACT,active
ELASTIN,active
ELETTARIA CARDAMOMUM SEED EXTRACT,active
EPIGALLOCATECHIN GALLATYL GLUCOSIDE,active
ETHYLENE/PROPYLENE COPOLYMER,base
ETHYLHEXYGLYCERIN,base
EUCALYPTUS GLOBULUS LEAF EXTRACT,active
EUCALYPTUS GLOBULUS LEAF WATER,active
EUGENIA CARYOPHYLLUS LEAF OIL,active; fragrances
FAGUS SYLVATICA BUD EXTRACT,active
FOENICULUM VULGARE SEED EXTRACT,active
FOMES OFFICINALIS EXTRACT,active
FRAXINUS EXCELSIOR BARK EXTRACT,active
FUMARIC ACID,base
GARDENIA FLORIDA FLOWER EXTRACT,active
GARDENIA TAHITENSIS FLOWER EXTRACT,active
GENTIANA MACROPHYLLA EXTRACT,active
GENTIANA SCABRA EXTRACT,active
GLUCOSYLRUTIN,active
GLUTAMYLAMIDOETHYL IMIDAZOLE,active
GLYCERETH-25 ISOSTEARATE,base
GLYCINE SOJA OIL FERMENT,active
GLYCINE SOJA PEPTIDE,active
GLYCINE SOJA PHYTOPLACENTA EXTRACT,active
GLYCINE SOJA STEROLS,active
GLYCOL,base
GLYCYRRHIZA GLABRA EXTRACT,active
GOSSYPIUM HERBACEUM EXTRACT,active
GUAIAZULENE,active; dyes
HEDERA HELIX EXTRACT,active
HEDYCHIUM CORONARIUM ROOT EXTRACT,active
HEPTANOL,base
HIBISCUS SYRIACUS BARK EXTRACT,active
HONEY,active
HORDEUM VULGARE EXTRACT,active
HORDEUM VULGARE SEED EXTRACT,active
HYDROGENATED OLIVE OIL STEARYL ESTERS,active; base
HYDROGENATED PALM ACID,active; base
HYDROGENATED POLYCYCLOPENTADIENE,active; base
HYDROGENATED STYRENE/BUTADIENE COPOLYMER,base
HYDROLYZED ALGAE EXTRACT,active
HYDROLYZED GARDENIA FLORIDA EXTRACT,active
HYDROXYAPATITE,active; base
HYDROXYDECYL UBIQUINONE,active
HYDROXYHYDROCINNAMATE,active
HYDROXYPALMITOYL SPHINGANINE,active
ISONIACINAMIDE,base
ISOPROPYL LAURATE,base
ISOPROPYL LAUROYL SARCOSINATE,base
ISOPROPYL TITANIUM TRIISOSTEARATE,base
ISOQUERCITRIN,active
JUNIPERUS MEXICANA OIL,active; fragrances
LAMINARIA OCHROLEUCA EXTRACT,active
LARIX SIBIRICA WOOD EXTRACT,active
LAURYL OLIVATE,active; base
LAURYL PEG-9 POLYDIMETHYLSILOXYETHYL DIMETHICONE,base
LAVANDULA ANGUSTIFOLIA EXTRACT,active
LAVANDULA ANGUSTIFOLIA FLOWER WATER,active
LEMONGRASS OIL,active; fragrances
LILIUM TIGRINUM EXTRACT,active
LINOLEIC POLYGLYCERIDES,active; base
LINUM USITATISSIMUM EXTRACT,active
LUFFA CYLINDRICA SEED OIL,active
MACHILUS THUNBERGII BARK EXTRACT,active
MALACHITE EXTRACT,active
MALPIGHIA GLABRA FRUIT JUICE,active
MALUS DOMESTICA FRUIT EXTRACT,active
MANGIFERA INDICA LEAF EXTRACT,active
MELIA AZADIRACHTA BARK EXTRACT,active
MENADIONE,active
MENTHA PIPERITA LEAF WATER,active
MENTHONE GLYCERIN ACETAL,active; fragrances
MENTHOXYPROPANEDIOL,active
METHYL ACETATE,base
METHYL SOYATE,base
METHYLSILANOL HYDROXYPROLINE ASPARTATE,active
METHYLSILANOL/SILICATE CROSSPOLYMER,base
MYRISTYL GLUCOSIDE,base
MYROTHAMNUS FLABELLIFOLIA CALLUS CULTURE EXTRACT,active
NELUMBO NUCIFERA CALLUS CULTURE EXTRACT,active
NEOFINETIA FALCATA CALLUS CULTURE EXTRACT,active
NEOTAME,fragrances
OLEA EUROPAEA POMACE EXTRACT,active
OLIGOPEPTIDE-1,active
OPHIOPOGON JAPONICUS ROOT EXTRACT,active
OPUNTIA DILLENII EXTRACT,active
OPUNTIA FICUS-INDICA FRUIT EXTRACT,active
ORYZA SATIVA CALLUS CULTURE EXTRACT,active
ORYZA SATIVA POWDER,base
PALMARIA PALMATA EXTRACT,active
PANAX GINSENG ROOT WATER,active
PAPAVER SOMNIFERUM SEED OIL,active
PCA ZINC,active
PEG,base
PEG-8 LAURATE,base
PEG/PPG-16/6 COPOLYMER,base
PELVETIA CANALICULATA EXTRACT,active
PENTAERYTHRITYL TETRA-DI-T-BUTYL,active
PERILLA FRUTESCENS LEAF EXTRACT,active
PERILLA OCYMOIDES SEED EXTRACT,active
PERSICARIA HYDROPIPER EXTRACT,active
PHASEOLUS ANGULARIS SEED EXTRACT,active
PHASEOLUS ANGULARIS SEED POWDER,active
PHASEOLUS RADIATUS SEED EXTRACT,active
PHELLODENDRON AMURENSE BARK EXTRACT,active
PHYLLOSTACHYS PUBESCENS SHOOT BARK EXTRACT,active
PINUS SYLVESTRIS LEAF OIL,active; fragrances
PLANKTON EXTRACT,active
POLYACRYLATE CROSSPOLYMER-11,base
POLYACRYLIC ACID,base
POLYDIETHYLENEGLYCOL ADIPATE/IPDI COPOLYMER,base
POLYEPSILON-LYSINE,active
POLYGLYCERYL-10 PENTAISOSTEARATE,base
POLYGLYCERYL-2 OLEATE,base
POLYGLYCERYL-2 SESQUIOLEATE,base
POLYGLYCERYL-2 TETRAISOSTEARATE,base
POLYGLYCERYL-3 OLEATE,base
POLYGLYCERYL-6 POLYRICINOLEATE,base
POLYGLYCERYL-6 RICINOLEATE,base
POLYQUATERNIUM-37,base
POLYURETHANE-35,base
POTASSIUM ACRYLATES/C10-30 ALKYL ACRYLATE CROSSPOLYMER,base
POUTERIA LUCUMA PULP EXTRACT,active
PPG,base
PPG-16,base
PPG-3 BENZYL ETHER MYRISTATE,base
PPG-6-DECYLTETRADECETH-30,base
PROPANEDIOL DICAPRYLATE,base
PRUNUS CERASUS FLOWER EXTRACT,active
PRUNUS DOMESTICA SEED OIL,active
PRUNUS MUME FRUIT WATER,active
PRUNUS PERSICA JUICE,active
PSEUDOALTEROMONAS FERMENT EXTRACT,active
QUARTZ,active
QUERCUS MONGOLICA LEAF EXTRACT,active
QUILLAJA SAPONARIA BARK EXTRACT,active
RHEUM PALMATUM ROOT EXTRACT,active
RHUS SUCCEDANEA FRUIT CERA,active; base
RICE BRAN FERMENT,active
RICINUS COMMUNIS OIL,active; base
ROSA CENTIFOLIA EXTRACT,active
ROSA DAMASCENA FLOWER,active
ROSA MOSCHATA SEED OIL,active
ROSA RUGOSA FLOWER EXTRACT,active
ROSA RUGOSA FLOWER OIL,active; fragrances
ROSA RUGOSA FLOWER WATER,active
ROSE EXTRACT,active
ROYAL JELLY EXTRACT,active
RUBUS SUAVISSIMUS LEAF EXTRACT,active
SACCHAROMYCES FERMENT,active
SALIX ALBA BARK WATER,active
SALMON EGG EXTRACT,active
SECALE CEREALE SEED EXTRACT,active
SEED OIL,active; base
SHOREA ROBUSTA SEED BUTTER,active
SILOXANETRIOL ALGINATE,base
SILVER CARBOXYMETHYLALANINATE,active
SILVER CITRATE,active
SIMMONDSIA CHINENSIS SEED WAX,active; base
SODIUM ACRYLATE/ACRYLOYLDIMETHYLTAURATE/DIMETHYLACRYLAMIDE CROSSPOLYMER,base
SODIUM ACRYLATES CROSSPOLYMER-2,base
SODIUM CARBONATE,base
SODIUM GLYCOLATE,active
SODIUM HEPARIN,active
SODIUM ISETHIONATE,base
SODIUM METHYL OLEOYL TAURATE,base
SODIUM PALMITOYL PROLINE,active
SODIUM RETINOYL HYALURONATE,active
SODIUM SESAMPHOACETATE,base
SODIUM SULFITE,base
SORBETH-30 TETRAISOSTEARATE,base
SPILANTHES ACMELLA EXTRACT,active
SPILANTHES ACMELLA FLOWER,active
STEARYL BEHENATE,base
STREPTOCOCCUS THERMOPHILUS FERMENT,active
SUCCINIC TRIGLYCERIDE,active; base
SULFUR,active
SWERTIA BIMACULATA EXTRACT,active
TANACETUM VULGARE FLOWER EXTRACT,active
TEA TREE OIL,active; fragrances
TERPINOLENE,fragrances
TETRAHYDROBISDEMETHOXYDIFERULOYLMETHANE,active
TETRAHYDRODEMETHOXYDIFERULOYLMETHANE,active
TETRAHYDRODIFERULOYLMETHANE,active
TETRAMETHYLBUTYLPHENOL,base
TETRASODIUM IMINODISUCCINATE,base
THEOBROMA CACAO SEED EXTRACT,active
THERMUS THERMOPHILLUS FERMENT,active
THYMOL,active; fragrances
TIMONACIC,active
TRICHOLOMA MATSUTAKE EXTRACT,active
TRIETHOXYSILYLETHYL POLYDIMETHYLSILOXYETHYL DIMETHICONE,base
TRIMETHYLCYCLOPENTENYL METHYLISOPENTENOL,fragrances
TRISODIUM CITRATE,base
TRITICUM VULGARE SEED EXTRACT,active
TROPAEOLUM MAJUS FLOWER,active
TUBER AESTIVUM EXTRACT,active
TULIPA GESNERIANA FLOWER EXTRACT,active
UNDARIA PINNATIFIDA CELL CULTURE EXTRACT,active
URTICA DIOICA EXTRACT,active
VANILLA PLANIFOLIA FRUIT OIL,active; fragrances
VERONICA OFFICINALIS EXTRACT,active
VIOLA MANDSHURICA FLOWER EXTRACT,active
VITEX AGNUS CASTUS EXTRACT,active
VITIS VINIFERA GRAPE SEED OIL,active
VP/HEXADECENE COPOLYMER,base
XYLOSE,active
YEAST FERMENT EXTRACT,active
ZEIN,active; base
10 TRIMETHYLOLPROPANE TRIOLEATE,base
2-MERCAPTONICOTINOYL GLYCINE,active
2.3-BUTANEDIOL,base
ACACIA DECURRENS FLOWER CERA,active; base
ACETAMIDOETHOXYETHANOL,active
ACETATE,base
ACETOPHENONE,fragrances
ACETYL,base
ACETYL HEXAPEPTIDE-22,active
ACETYL TETRAPEPTIDE-17,active
ACETYLATED HYDROGENATED VEGETABLE GLYCERIDE,active; base
ACETYLPHYTOSPHINGOSINE,active
ACHILLEA MILLEFOLIUM LEAF,active
ACRYLATES/ACRYLIC ACID COPOLYMER,base
ACRYLATES/BEHENETH-25 METHACRYLATE COPOLYMER,base
ACRYLATES/ISOBORNYL ACRYLATE COPOLYMER,base
ACRYLATES/STEARETH-20 METHACRYLATE COPOLYMER,base
ACTINIDIA CHINENSIS SEED,active
ADANSONIA DIGITATA FRUIT EXTRACT,active
ADENINE,active
ADENOL DNA,active
AESCULUS CHINESE EXTRACT,active
AESCULUS HIPPOCASTANUM,active
AGASTACHE MEXICANA FLOWER,active
AHNFELTIOPSIS CONCINNA EXTRACT,active
ALBIZIA JULIBRISSIN,active
ALOE ARBORESCENS LEAF EXTRACT,active
ALOE ARBORESCENS LEAF JUICE,active
ALOE BARBADENSIS LEAF EXTRACT JUICE POWDER,active
ALPHA-TERPINENE,fragrances
ALPINIA GALANGA EXTRACT,active
ALPINIA GALANGA LEAF EXTRACT,active
ALUMINIUM SILICATE,base
ALUMINIUM STARCH OCTENYLSUCCINATE,active; base
AMARANTHUS CAUDATUS SEED OIL,active
AMARANTHUS CRUENTUS SEED OIL,active
AMINOETHYLPHOSPHINIC ACID,active
AMMONIUM ACRYLOYLDIMETHYLTAURATE/BEHENETH-25 METHACRYLATE CROSSPOLYMER,base
AMMONIUM POLYACRYLOYLDIMETHYL TAURAMIDE,base
AMP-ACRYLATES/ALLYL METHACRYLATE COPOLYMER,base
ANACARDIUM OCCIDENTALE EXTRACT,active
ANADENANTHERA COLUBRINA BARK EXTRACT,active
ANANAS SATIVUS FRUIT WATER,active
ANASTATICA HIEROCHUNTICA EXTRACT,active
ANGELICA KEISKEI EXTRACT,active
ANGELICA KEISKEI LEAF,active
ANIBA ROSODORA WOOD OIL,active; fragrances
ANIGOZANTHOS FLAVIDUS EXTRACT,active
ANTHEMIS NOBILIS EXTRACT,active
ANTHEMIS NOBILIS FLOWER WATER,active
APIUM GRAVEOLENS SEED EXTRACT,active
ARBUTUS UNEDO FRUIT EXTRACT,active
ARGAN OIL POLYGLYCERYL-6 ESTERS,base
ARGANIA SPINOSA KERNEL EXTRACT,active
ARGILLA,base
ARNICA MONTANA EXTRACT,active
ARONIA MELANOCARPA SEED OIL,active
ARTEMISIA CAPILLARIS FLOWER EXTRACT,active
ARTEMISIA PRINCEPS LEAF POWDER,active
ARTEMISIA VULGARIS OIL,active; base
ARUNDO DONAX STEM EXTRACT,active
ASCORBIC ACID POLYPEPTIDE,active
ASPARAGOPSIS ARMATA EXTRACT,active
ASTAXANTHIN,active; dyes
ASTROCARYUM TUCUMA SEED BUTTER,active
AVENA SATIVA MEAL EXTRACT,active
BAMBOO FERMENT EXTRACT,active
BARK EXTRACT,active
BENZYL ASCORBATE,active
BENZYL SILICATE,base
BERBERIS VULGARIS FRUIT EXTRACT,active
BERTHOLLETIA EXCELSA SEED EXTRACT,active
BETULA ALBA LEAF EXTRACT,active
BETULA ALBA LEAF WATER,active
BIOSACCHARIDE GUM-2,active; base
BIS COPPER ACETATE,active
BIS ETHYLHEXYLOXYPHENOL METHOXYPHENYL TRIAZINE,uv filters
BIS-AMINOPROPYL DIGLYCOL DIMALEATE,active
BIS-STEARYL DIMETHICONE,base
BIXA ORELLANA SEED EXTRACT,active
BLUE MATCHA FLOWER EXTRACT,active
BOSWELLIA CARTERII OIL,active; fragrances
BRANCHYCARPA EXTRACT,active
BRASSICA ALCOHOL,base
BRASSICA CAMPESTRIS EXTRACT,active
BRASSICA CAMPESTRIS OIL,active; base
BRASSICA NAPUS EXTRACT,active
BRASSICA NIGRA SEED EXTRACT,active
BRASSICAMIDOPROPYL DIMETHYLAMINE,base
BROUSSONETIA PAPYRIFERA BARK EXTRACT,active
BUDDLEJA OFFICINALIS FLOWER EXTRACT,active
BUTYLENE,base
BUTYLENE GLYCOL COCOATE,base
C12-14,base
C12–15 ALKYL BENZOATE,base
C13-14 ALKANE,base
C20-22F ALCOHOLS,base
C30-45 ALKYL DIMETHICONE,base
CAESPITOSA,active
CAFFEOYL TRIPEPTIDE-1,active
CALCITE,base; dyes
CALCIUM ALGINATE,base
CALCIUM DISODIUM EDTA,base
CALCIUM THIOGLYCOLATE HYDROXIDE,base
CALENDULA OFFICINALIS,active
CALENDULA OFFICINALIS FLOWER WATER,active
CALLUNA VULGARIS EXTRACT,active
CALOPHYLLUM INOPHYLLUM OIL,active; base
CAMELIA JAPONICA SEED OIL,active
CAMELIA SINENSIS LEAF EXTRACT SODIUM LACTATE,active
CAMELIA SINENSIS LEAF POWDER,active
CAMELLIA JAPONICA LEAF EXTRACT,active
CAMELLIA SINENSIS CATECHINS,active
CAMELLIA SINENSIS POLYPHENOLS,active
CAMELLIA SINENSIS SEED EXTRACT,active
CAMPSIS GRANDIFLORA FLOWER EXTRACT,active
CANARIUM LUZONICUM GUM NONVOLATILES,base
CANDELILLA CERA HYDROCARBONS,active; base
CANDELILLA WAX ESTERS,active; base
CANNABIDIOL,active
CANNABIS SATIVA LEAF,active
CAPORYLYL GLYCOL,base
CAPROYL METHYL GLUCAMIDE,base
CAPRYL METHICONE,base
CAPRYL WHEAT BRAN,active
CAPRYLIC TRIGLYCERIDE,active; base
CAPRYLYL,base
CAPRYLYL CAPRYL WHEAT BRAN,base
CAPRYLYL CAPRYLATE,base
CAPRYLYL GLYCERYL ETHER,base
CAPRYLYL TRIMETHICONE,base
CARBON BLACK,dyes
CARBOXYL,base
CARDIOSPERMUM HALICACABUM FLOWER,active
CARNITINE HCL,active
CARTHAMUS TINCTORIUS FLOWER EXTRACT,active
CASSIA HYDROXYPROPYLTRIMONIUM CHLORIDE,base
CAVIAR WATER,active
CEDRUS ATLANTICA OIL-EXTRACT,active; fragrances
CENTELLA EXTRACT FERMENTATION FILTRATE,active
CERIUM,base
CETARYL GLUCOSIDE,base
CETEARETHYLDIMETHICONE CROSSPOLYMER,base
CHAMAECYPARIS OBTUSA WATER,active
CHRYSANTHEMUM INDICUM EXTRACT,active
CI 28440,dyes
CI 58000,dyes
CI 75130,dyes
CI 77220,dyes
CI 77266,dyes
CI 77400,dyes
CICHORIUM ISANICUM,active
CINNAMOMUM CASSIA BARK EXTRACT,active; fragrances
CINNAMOMUM ZEYLANICUM BARK EXTRACT,active; fragrances
CITRULLUS LANATUS SEED OIL,active
CITRUS AURANTIFOLIA JUICE,active
CITRUS AURANTIFOLIA PEEL EXTRACT,active
CITRUS AURANTIFOLIA PEEL OIL,active; fragrances
CITRUS AURANTIUM DULCIS FLOWER EXTRACT,active
CITRUS AURANTIUM DULCIS FRUIT WATER,active
CITRUS AURANTIUM DULCIS SEED OIL,active
CITRUS AURANTIUM OIL,active; fragrances
CITRUS BERGAMIA OIL,active; fragrances
CITRUS JUNOS PEEL EXTRACT,active
CITRUS JUNOS SEED OIL,active
CITRUS LATIFOLIA FRUIT JUICE,active
CITRUS LIMON FLOWER EXTRACT,active
CITRUS LIMON PEEL WATER,active
CITRUS PARADISI SEED OIL,active
COCAMIDOPROPYL BETAINAMIDE MEA CHLORIDE,base
COCONUT ACTIVATED CARBON,active
COCONUT FATTY ACID,active; base
COCOS NUCIFERA,active
COCOS NUCIFERA FRUIT WATER,active
COFFEA ARABICA FRUIT EXTRACT,active
COFFEA ARABICA SEED OIL,active
COFFEA ROBUSTA SEED EXTRACT,active
COIX LACRYMA-JOBI MA-YUEN SEED WATER,active
COLLAGEN WATER,active
COLLOIDAL OATMEAL,active
COLOPHONIUM,base
COLOSTRUM,active
COMARIN,fragrances
COPEMICIA CERIFERA WAX,active; base
COPOLYMER,base
COPTIS JAPONICA EXTRACT,active
CORCHORUS OLITORIUS LEAF EXTRACT,active
CORN GLUTEN AMINO ACIDS,active
CROTON LECHLERI RESIN EXTRACT,active
CRYPTOMERIA JAPONICA BUD EXTRACT,active
CUCUMIS MELO JUICE,active
CUPRESSUS SEMPERVIRENS OIL,active; base
CUPRESSUS SEMPERVIRENS SEED EXTRACT,active
CURCUMA SOJA OIL,active; base
CYCLOMETHICONE,base
CYDONIA OBLONGA LEAF EXTRACT,active
CYMBOPOGON CITRATUS LEAF OIL,active; fragrances
CYMBOPOGON FLEXUOSUS HERB OIL,active; fragrances
CYMBOPOGON SCHOENANTHUS EXTRACT,active
CYNANCHUM ATRATUM EXTRACT,active
CYSTOSEIRA AMENTACEA,active
CYTOSINE,active
DAPHNOIDES,active
DAUCUS CAROTA SATIVA EXTRACT,active
DECARBOXY CARNOSINE HCL,active
DIACETYL BOLDINE,active
DIATOMACEOUS EARTH,base
DICALCIUM PHOSPHATE,base
DICOCOYL PENTAERYTHRITYL DISTEARYL CITRATE,base
DICTYOPTERIS POLYPODIOIDES EXTRACT,active
DIDECYLDIMONIUM CHLORIDE,active; base
DIISOSTEARATE,base
DILAURYL THIODIPROPIONATE,active
DILINOLEATE,base
DILINOLEIC ACID,active
DIMETHYL SULFONE,active
DIMETHYLETHANOLAMINE,active
DIOSCOREA JAPONICA ROOT EXTRACT,active
DIOSPYROS KAKI FRUIT EXTRACT,active
DIOSPYROS KAKI LEAF EXTRACT,active
DIPENTAERYTHRITYL HEXA C5-9 ACID ESTERS,base
DIPEPTIDE-15,active
DIPEPTIDE-70 HYDROXYPROLYL TETRAPEPTIDE-106 AMIDOETHOXY ETHOXYACETIC ACID,active
DIPHOSPHONIC ACID,base
DIPOTASSIUM EDTA,base
DIPSACUS SYLVESTRIS EXTRACT,active
DISILOXANE,base
DISODIUM CETEARYL SULFATE,base
DISODIUM ETHYLENE DIAMINE DISUCCINATE,base
DISTARCH PHOSPHATE ACETATE,base
DOPHENYLSILOXY PHENYL TRIMETHICONE,base
DUNALIELLA SALINA EXTRACT,active
DYSPROSIUM,base
ECHINACEA PURPUREA ROOT EXTRACT,active
ECHIUM PLANTAGINEUM SEED OIL,active
EDTA,base
ERIOPHORUM SPISSUM FLOWER,active
ERUCA SATIVA LEAF EXTRACT,active
ESCIN,active
ETHYL LINOLEATE,base
ETHYL MENTHANE CARBOXAMIDE,active
ETHYLHEXLGLYCERIN,base
ETHYLHEXYL ISONONANOATE,base
ETHYLHEXYL POLYHYDROXYSTEARATE,base
EUCALYPTUS GLOBULUS LEAF,active
EUGENIA CARYOPHYLLUS FLOWER OIL,active; fragrances
EUGENYL ACETATE,fragrances
EUROPIUM,base
EUTEROCLEA OLERACEA FRUIT EXTRACT,active
EUTERPE OLERACEA FRUIT OIL,active
EVODIA RUTAECARPA FRUIT EXTRACT,active
FAEX EXTRACT,active
FILMEXEL,base
FLOWER,active
FORSYTHIA SUSPENSA FRUIT EXTRACT,active
FRAGARIA CHILOENSIS ANANASSA EXTRACT,active
FRAGARIA VESCA FRUIT EXTRACT,active
FRAGILIS,active
FREESIA REFRACTA EXTRACT,active
FRUIT ACID COMPLEX,active
FUCUS SERRATUS EXTRACT,active
GALACTOARABINAN,active; base
GALLYL GLUCOSIDE,base
GARCINIA CAMBOGIA FERMENT,active
GARCINIA MANGOSTANA PEEL EXTRACT,active
GARDENIA JASMINOIDES FRUIT EXTRACT,active
GAULTHERIA PROCUMBENS LEAF EXTRACT,active
GERANIUM MACULATUM EXTRACT,active
GERANIUM MACULATUM OIL,active; base
GIYCERETH-26,active; base
GLEDITSIA TRIACANTHOS SEED EXTRACT,active
GLOBULARIA ALYPUM LEAF EXTRACT,active
GLOBULARIA CORDIFOLIA CALLUS CULTURE EXTRACT,active
GLUCOSE OXIDASE,active
GLUCOSE PENTAACETATE,base
GLUCOSYL CERAMIDE,active
GLYCERETH-2 COCOATE,base
GLYCERYL CITRATE,base
GLYCERYL DIBEHENATE,base
GLYCERYL OLIVATE,active; base
GLYCERYL TRIBEHENATE,base
GLYCOL DICAPRYLATE,base
GLYCYRRHIZA GLABRA ROOT WATER,active
GOSSYPIUM HERBACEUM FLOWER EXTRACT,active
GOSSYPIUM HERBACEUM SEED EXTRACT,active
GOSSYPIUM HIRSUTUM SEED OIL,active
GRANATUM SEED OIL,active
GRAPE FERMENT EXTRACT,active
GRAPE FRUIT WATER,active
GRATISSIMA OIL,active; base
GREEN CLAY,base; dyes
GUANINE,dyes
HAEMATOCOCCUS PLUVIALIS EXTRACT,active
HAMAMELIS VIRGINIANA BARK,active
HAMAMELIS VIRGINIANA FLOWER WATER,active
HARUNGANA MADAGASCARIENSIS EXTRACT,active
HDI/TRIMETHYLOL HEXYLLACTONE CROSSPOLYMER,base
HEDERA HELIX STEM EXTRACT,active
HELIANTHUS ANNUUS,active
HELIANTHUS ANNUUS EXTRACT,active
HELIANTHUS ANNUUS FLOWER EXTRACT,active
HELICHRYSUM STOECHAS EXTRACT,active
HEPTAPEPTIDE-8,active
HEXANOYL DIPEPTIDE-3 NORLEUCINE ACETATE,active
HIBISCUS MUTABILIS FLOWER EXTRACT,active
HIBISCUS SABDARIFFA CALLUS CULTURE FERMENT FILTRATE,active
HIPPOPHAE RHAMNOIDES KERNEL EXTRACT,active
HIPPOPHAE RHAMNOIDES SEED OIL,active
HIPPOPHAE RHAMNOIDES WATER,active
HIZIKIA FUSIFORME EXTRACT,active
HORDEUM DISTICHON EXTRACT,active
HOUTTUYNIA CORDATA WATER,active
HUMULUS LUPULUS FLOWER EXTRACT,active
HYACINTHUS ORIENTALIS EXTRACT,active
HYDRANGEA MACROPHYLLA LEAF EXTRACT,active
HYDROGENATED CASTOR OIL BEHENYL ESTERS,active; base
HYDROGENATED COCONUT ACID,active; base
HYDROGENATED COTTON SEED OIL,active
HYDROGENATED OLIVE OIL CETYL ESTERS,active; base
HYDROGENATED PALM KERNEL GLYCERIDES,active
HYDROGENATED POLYCYCLO-20 OLEFIN,active; base
HYDROGENATED RAPESEED ALCOHOL,base
HYDROGENATED RICE BRAN OIL,active
HYDROGENATED SOY POLYGLYCERIDES,active; base
HYDROLYZED ADANSONIA DIGITATA EXTRACT,active
HYDROLYZED DNA,active
HYDROLYZED LACTOFERRIN,active
HYDROLYZED SCLEROTIUM GUM,base
HYDROLYZED SUNFLOWER SEED WAX,active; base
HYDROLYZED VERBASCUM THAPSUS FLOWER,active
HYDROLYZED WHEAT PROTEIN/PVP CROSSPOLYMER,active; base
HYDROXYCINNAMIC ACID,active
HYDROXYETHYL ACRYLATE,base
HYDROXYETHYL ETHYLCELLULOSE,base
HYDROXYPROLINE,active
HYDROXYPROPYL METHYLCELLULOSE STEAROXY ETHER,base
ILEX AQUIFOLIUM LEAF EXTRACT,active
IMPERATA CYLINDRICA ROOT FERMENT EXTRACT,active
INDIGOFERA TINCTORIA LEAF EXTRACT,active
INONOTUS OBLIQUUS EXRTACT,active
IPROPANEDIOL,base
ISOCETYL ISOSTEARATE,base
ISOMALT,active
ISOSTEARAMIDOPROPYL DIMETHYLAMINE,base
ISOSTEARAMIDOPROPYL ETHYLDIMONIUM ETHOSULFATE,base
ISOSTEARATE,base
JUGLANS REGIA SEED OIL,active
KALANCHOE PINNATA LEAF EXTRACT,active
KELP FERMENT FILTRATE,active
KHAYA SENEGALENSIS BARK EXTRACT,active
KJELLMANIELLA GYRATA EXTRACT,active
KOMBUCHA,active
LAC,base
LACTOCOCCUS FERMENT,active
LACTOFERRICIN,active
LACTOFERRIN,active
LACTOPEROXIDASE,active
LAMINARIA DIGITATA WATER,active
LAMINARIA SACCHARINA EXTRACT,active
LARIX LEPTOLEPIS WOOD EXTRACT,active
LAURDIMONIUM HYDROXYPROPYL HYDROLYZED WHEAT PROTEIN,active
LAURDIMONIUM HYDROXYPROPYL HYDROLYZED WHEAT STARCH,base
LAURETH-7 CITRATE,base
LAURYL HYDROXYSULTAINE,base
LAURYL OLEATE,base
LAURYL PEG-8 DIMETHICONE,base
LAURYL POLYGLYCERYL-3 POLYDIMETHYLSILOXYETHYL DIMETHICONE,base
LAVANDULA ANGUSTIFOLIA FLOWER OIL,active; fragrances
LAVANDULA STOECHAS EXTRACT,active
LECYTHIS MINOR SEED OIL,active
LEMON FRUIT EXTRACT,active
LENS ESCULENTA SEED EXTRACT,active
LENTINUS EDODES EXTRACT,active
LENTISCUS GUM,base
LINSEED FERMENT EXTRACT,active
LITCHI CHINENSIS FRUIT EXTRACT,active
LITHOSPERMUM ERYTHRORHIZON ROOT OIL,active
LLLITE,base; dyes
LODOPROPYNYL BUTYLCARBAMATE,preservative
LOPHATHERUM GRACILE LEAF EXTRACT,active
LOTUS CORNICULATUS SEED EXTRACT,active
LOW MOLECULAR HYALURONIC ACID,active
LUPINUS ALBUS SEED EXTRACT,active
MACADAMIA SEED OIL POLYGLYCERYL-4 ESTERS,base
MAGNOLIA DENUDATA FLOWER EXTRACT,active
MAGNOLIA KOBUS FLOWER EXTRACT,active
MALEATED SOYBEAN OIL GLYCERYL,active
MALPIGHIA EMARGINATA SEED EXTRACT,active
MALTITOL,active
MALTOSE HYDROGENATED LECITHIN,active; base
MANGANESE VIOLET,dyes
MEDECASSOSIDE,active
MEDICAGO SATIVA EXTRACT,active
MEDICAGO SATIVA LEAF EXTRACT,active
MELANIN,dyes
MELISSA OFFICINALIS EXTRACT,active
MENTHA AQUATICA EXTRACT,active
MENTHA PIPERITA LEAF JUICE,active
MENTHYL ETHYLAMIDO OXALATE,active
METHYL-PARABEN,preservative
METHYLHEPTYLGLYCERIN,base
METHYLOPROPANEDIOL,base
METHYPROPANDIOL,base
MILK FERMENT FILTRATE,active
MILK PROTEIN EXTRACT,active
MILK SOLIDS,active
MILT EXTRACT,active
MONARDA DIDYMA LEAF EXTRACT,active
MORINDA CITRIFOLIA EXTRACT,active
MORINGA OLEIFERA LEAF EXTRACT,active
MORUS BOMBYCIS LEAF EXTRACT,active
MORUS NIGRA LEAF EXTRACT,active
MUSA PARADISIACA FRUIT JUICE,active
MYOSOTIS SYLVATICA FLOWER,active
MYRCIARIA DUBIA FRUIT EXTRACT,active
MYRISTOYL METHYL GLUCAMIDE,base
MYRISTYL LACTATE,base
MYRISTYL MALATE PHOSPHONIC ACID,base
NARCISSUS POETICUS CALLUS EXTRACT,active
NATTO GUM,base
NYMPHAEA COERULEA FLOWER EXTRACT,active
OCTANEDIOL,base
OCTYLDODECYL OLEATE,base
OENOTHERA BIENNIS FLOWER,active
OLEA EUROPAEA OIL,active; base
OLEA EUROPAEA SEED POWDER,active
OLEA EUROPEA FRUIT OIL,active
OLEIC GLYCERIDES,active; base
OLEYL ALCOHOL,base
OLEYL ERUCATE,base
OLIGOPEPTIDE-2,active
OLIGOPEPTIDE-28,active
OLIGOPEPTIDE-29,active
OLIGOPEPTIDE-32,active
OLIGOPEPTIDE-6,active
OLIVE OIL PEG-7,base
OLIVE OIL POLYGLYCERYL-4 ESTERS,base
ORANGE ROUGHY OIL,active; base
ORCHID EXTRACT,active
ORCHIS MASCULA FLOWER EXTRACT,active
ORYZA SATIVA BRAN CERA,active; base
ORYZA SATIVA GERM EXTRACT,active
ORYZA SATIVA HULL POWDER,active
ORYZA SATIVA OIL,active; base
ORYZANOL,active
OSMANTHUS FRAGRANS FLOWER EXTRACT,active
OXIDIZED ATARACH ACETATE,base
OXIDIZED GLUTATHIONE,active
OXOTHIAZOLIDINE,active
OXOTHIAZOLIDINECARBOXYLIC ACID,active
OXYCOCCUS PALUSTRIS SEED OIL,active
OZONIZED OLIVE OIL,active
PAEONIA ALBIFLORA FLOWER EXTRACT,active
PAEONIA LACTIFLORA EXTRACT,active
PAEONIA LACTIFLORA FLOWER EXTRACT,active
PAEONIA SUFFRUTICOSA BRANCH,active
PAEONIA SUFFRUTICOSA EXTRACT,active
PALMITAMIDE MEA,base
PALMITOYL GLYCINE,active
PALMITOYL TETRAPEPTIDE-38,active
PANAX GINSENG BERRY EXTRACT FERMENT FILTRATE,active
PANAX GINSENG CALLUS CULTURE EXTRACT,active
PANAX GINSENG SEED OIL,active
PANTHENYL TRIACETATE,active
PAPAVER RHOEAS EXTRACT,active
PARETH-12,base
PASSIFLORA INCARNATA FLOWER EXTRACT,active
PCA ETHYL COCOYL ARGINATE,active; base
PECTIN,base
PEG-10,base
PEG-10 PHYOSTEROL,base
PEG-200 HYDROGENATED GLYCERYL PALMATE,base
PEG-40 GLYCERYL COCOATE,base
PEG-40 SORBITAN PEROLEATE,base
PELARGONIUM GRAVEOLENS FLOWER WATER,active
PELARGONIUM GRAVEOLENS WATER,active
PENTAERYTHRITYL,base
PENTASODIUM TRIPHOSPHATE,base
PERSEA,active
PHAEODACTYLUM TRICORNUTUM EXTRACT,active
PHLOROGLUCINOL TRIMETHYL ETHER,active
PHORMIDIUM PERSICINUM EXTRACT,active
PHOSPHORIC ACID,base
PHYTOSTERYL MACADAMIATE,active
PIMPINELLA ANISUM FRUIT EXTRACT,active
PINK CLAY,base; dyes
PINUS SYLVESTRIS BUD EXTRACT,active
PINUS SYLVESTRIS LEAF EXTRACT,active
PIPER METHYSTICUM LEAF,active
PIRIDOXINE HCL,active
PISTACIA,active
PISUM SATIVUM PEPTIDE,active
PLOYQUATERNIUM-7,base
POLIANTHES TUBEROSA CALLUS EXTRACT,active
POLIVINYL ALCOHOL,base
POLLEN EXTRACT,active
POLY GLYCERYL-10 MYRISTATE,base
POLYAMIDE-3,base
POLYAMIDE-8,base
POLYETHYLENE TEREPHTHALATE,base
POLYGLYCERIN-4,base
POLYGLYCERIN-6,base
POLYGLYCERYL 3-COCOATE,base
POLYGLYCERYL-3 ACRYLAMIDE/SODIUM ACRYLOYLDIMETHYLTAURATE,base
POLYGLYCERYL-3 LAURATE,base
POLYGLYCERYL-3 POLYDIMETHYLSILOXYETHYL DIMETHICONE,base
POLYGLYCERYL-4 DIISOSTEARATE-POLYHYDROXYSTEARATE-SEBACATE,base
POLYGLYCERYL-4 ISOOLEATE,base
POLYGLYCERYL-6 DISTEARATE,base
POLYGONATUM MULTIFLORUM RHIZOME,active
POLYGONUM CUSPIDATUM EXTRACT,active
POLYGONUM FAGOPYRUM SEED EXTRACT,active
POLYGONUM TINCTORIUM LEAF EXTRACT,active
POLYGYCERIN-6,base
POLYMETHYL TAURATE,base
POLYPROPYLSILSESQUIOXANE,base
POLYSORBATE-20,base
POTASSIUM COCOYL RICE AMINO ACIDS,base
POTASSIUM OLIVOYL PCA,active; base
POTASSIUM PALMITOYL HYDROLYZED OAT PROTEIN,active
POTASSIUM SILICATE,base
POTASSIUM THIOCYANATE,active
POTATO STARCH MODIFIED,base
POTENTILLA TORMENTILLA,active
PPG-1-PEG-9 LAURYL GLYCOL ETHER,base
PPG-13-DECYLTETRADECETH-24,base
PPG-3 CAPRYLYL ETHER,base
PPG-3 MYRISTYL ETHER,base
PROPYLENE GLYCOL CETRIMONIUM CHLORIDE,base
PROPYLENE GLYCOL DIHEPTANOATE,base
PROPYLPARABEN DMDM HYDANTOIN,preservative
PROTEASE,active
PRUNELLA VULGARIS LEAF EXTRACT,active
PRUNUS ARMENIACA SEED POWDER,active
PRUNUS CERASUS SEED OIL,active
PRUNUS DOMESTICA FRUIT EXTRACT,active
PRUNUS MALUS FRUIT EXTRACT,active
PRUNUS MUME FLOWER WATER,active
PRUNUS PERSICA FLOWER EXTRACT,active
PRUNUS PERSICA LEAF EXTRACT,active
PTFE,base
PUERARIA MIRIFICA ROOT EXTRACT,active
PUMPKIN FERMENT EXTRACT,active
PUNICA,active
PUNICA GRANATUM EXTRACT,active
PUNICA GRANATUM FLOWER EXTRACT,active
PUNICA GRANATUM FRUIT FERMENT EXTRACT,active
PUNICA GRANATUM FRUIT JUICE,active
PUNICA GRANATUM STEROLS,active
PURPUREA BARK EXTRACT,active
PVC,base
PYRUS MALUS FIBER,active; base
PYRUS MALUS FRUIT WATER,active
PYRUS MALUS JUICE,active
PYRUS MALUS LEAF EXTRACT,active
PYRUS PYRIFOLIA FRUIT EXTRACT,active
PYRUVIC ACID,active
QUATERNIUM-73,active
QUERCETIN,active
QUERCUS SUBER BARK EXTRACT,active
RETINYL ACETATE,active
RETINYL LINOLEATE,active
RHODODENDRON FERRUGINEUM EXTRACT,active
RHODODENDRON FERRUGINEUM LEAF CELL CULTURE EXTRACT,active
RHODOMYRTUS TOMENTOSA FRUIT EXTRACT,active
RHUS SEMIALATA EXTRACT,active
RIBES NIGRUM BUD EXTRACT,active
RIBES NIGRUM FRUIT POWDER,active
RICE FERMENT EXTRACT,active
RICE SH-OLIGOPEPTIDE-1,active
ROSA CANINA FLOWER OIL,active; fragrances
ROSA CANINA FLOWER POWDER,active
ROSA CANINA FRUIT,active
ROSA CANINA OIL,active; fragrances
ROSA CENTIFOLIA FLOWER,active
ROSA DAMASCENA EXTRACT,active
ROSMARINUS OFFICINALIS LEAF WATER,active
RUBUS CHAMAEMORUS FRUIT EXTRACT,active
RUBUS CHAMAEMORUS SEED EXTRACT,active
RUBUS CHAMAEMORUS SEED OIL,active
RUBUS IDAEUS,active
RUBUS IDAEUS JUICE,active
RUBUS IDAEUS LEAF EXTRACT,active
RUSCUS ACULEATUS ROOT EXTRACT,active
SACCHARIDE HYDROLYSATE,active
SALICORNIA HERBACEA EXTRACT,active
SALIX ALBA,active
SALIX PURPUREA BARK FERMENT EXTRACT,active
SALVIA MILTIORRHIZA ROOT EXTRACT,active
SAMBUCUS NIGRA FLOWER WATER,active
SAMBUCUS NIGRA FRUIT EXTRACT,active
SANTALUM ALBUM EXTRACT,active
SAOWER SEED OIL FERMENT EXTRACT FILTRATE,active
SAPOSHNIKOVIA DIVARICATA ROOT EXTRACT,active
SARGASSUM FULVELLUM EXTRACT,active
SARGASSUM PALLIDUM EXTRACT,active
SASA QUELPAERTENSISEXTRACT,active
SAUSSUREA INVOLUCRATA EXTRACT,active
SCIADOPITYS VERTICILLATA ROOT EXTRACT,active
SCUTELLARIA ALPINA FLOWER,active
SEA SALT,active
SECALE CEREALE EXTRACT,active
SEDUM SARMENTOSUM EXTRACT,active
SELAGINELLA LEPIDOPHYLLA EXTRACT,active
SH-DECAPEPTIDE-7,active
SH-DECAPEPTIDE-9,active
SH-OCTAPEPTIDE-4,active
SH-PENTAPEPTIDE-19,active
SH-PEPTIDE-11,active
SH-PEPTIDE-9,active
SH-POLYPEPTIDE-22,active
SH-POLYPEPTIDE-3,active
SHEA BUTTER GLYCERETH-8 ESTERS,active; base
SHPINGOLIPIDS,active
SILYBUM MARIANUM SEED EXTRACT,active
SITOSTEARIN,active; base
SMITHSONITE EXTRACT,active
SODIUM,base
SODIUM ACRYLAMIDE/SODIUM ACRYLOYLMETHYLTAURATE COPOLYMER,base
SODIUM ACRYLIC ACID/MA COPOLYMER,base
SODIUM BABASSUAMPHOACETATE,base
SODIUM BISULFITE,base
SODIUM CARBOXYMETHYL STARCH,base
SODIUM COCOYL APPLE AMINO ACIDS,base
SODIUM COCOYL GLYCINATE,base
SODIUM DILAURAMIDOGLUTAMIDE LYSINE,active; base
SODIUM DODECYLBENZENESULFONATE,base
SODIUM GLUTAMATE,active
SODIUM GUAIAZULENE SULFONATE,active
SODIUM HYDROXYPROPYL STARCH PHOSPHATE,base
SODIUM LAUROYL GLUTAMATE,base
SODIUM LAUROYL METHYL ISETHIONATE,base
SODIUM LAURYL SULFOACETATE,base
SODIUM MAGNESIUM SILICATE,base
SODIUM METHYL STEAROYL TAURATE,base
SODIUM MYRETH SULFATE,base
SODIUM OLIVATE,base
SODIUM PALMITATE,base
SODIUM PEG-7 OLIVE OIL CARBOXYLATE,base
SODIUM STEAROXY PG-HYDROXYETHYLCELLULOSE SULFONATE,base
SODIUM STYRENE/MA COPOLYMER,base
SODIUM THIOSULFATE,base
SOLANUM LYCOPERSICUM FRUIT EXTRACT,active
SOLANUM LYCOPERSICUM SEED OIL,active
SOLANUM TUBEROSUM PULP EXTRACT,active
SOLUBLE COLLAGEN CROSSPOLYMER,active
SOLUBLE PROTEOGLYCAN,active
SOPHORA JAPONICA FLOWER EXTRACT,active
SOPHORA JAPONICA FRUIT EXTRACT,active
SOYBEAN SPROUT EXTRACT,active
SPANISH LICORICE EXTRACT,active
SPINACIA OLERACEA LEAF EXTRACT,active
STELLARIA MEDIA EXTRACT,active
STEPHANIA TETRANDRA ROOT EXTRACT,active
STEVIA REBAUDIANA LEAF EXTRACT,active
STEVIOSIDE,fragrances
STRAW GLYCOSIDES,active
STREPTOCOCCUS THERMOPHILUS LYSATE,active
STRONTIUM OXIDE,base
STYRENE/BUTADIENE COPOLYMER,base
SUCROSE PALMITATE,base
SUNFLOWEROYL METHYLGLUCAMIDE,base
SYRINGA VULGARIS EXTRACT,active
TAMARINDUS INDICA SEED POLYSACCHARIDE,active
TANNIC ACID,active
TARAXACUM OFFICINALE LEAF EXTRACT,active
TASMANNIA LANCEOLATA FRUIT,active
TAURATE,base
TEPHROSIA PURPUREA EXTRACT,active
TERADECYL AMINOBUTYROYLVALYLAMINOBUTYRIC UREA TRIFLUOROACETATE,active
TERMINALIA ARJUNA BARK EXTRACT,active
TERMINALIA CHEBULA FRUIT EXTRACT,active
TETRA SODIUM GLUTAMATE DIACETATE,base
TETRA-DI-T-BUTYL HYDROXYHYDROCINNAMATE,active
TETRA-METHYL ACETYLOCTAHYDRONAPHTHALENES,fragrances
TETRADECYL AMINOBUTYROYLVALYLAMINOBUTYRIC UREA ACETATE,active
TETRAHYDROXYPROPYL ETHYLENEDIAMINE,base
TETRAPEPTIDE-21,active
THEOBROMA CACAO SEED OIL,active
THIOCTIC ACID,active
THYMINE,active
THYMUS VULGARIS EXTRACT,active
TILIA CORDATA FLOWER WATER,active
TIRETHANOLAMINE,base
TOCOPHERYL GLUCOSIDE,active
TOCOTRIENOLS,active
TRICALCIUM PHOSPHATE,base
TRIFLUOROMETHYL C1-4 ALKYL DIMETHICONE,base
TRIFOLIUM PRATENSE EXTRACT,active
TRIMETHOXYCAPRYLYLSILANE,base
TRIS-BHT MESITYLENE,active
TRIS-BIPHENYL TRIAZINE,uv filters
TRISILOXANE,base
TRISODIUM PHOSPHATE,base
TRITICUM VULGARE,active
TRITICUM VULGARE GERM OIL UNSAPONIFIABLES,active; base
TRITICUM VULGARE SPROUT EXTRACT,active
TROXERUTIN,active
UNDECYL ALCOHOL,base
UNDECYLENAMIDOPROPYL BETAINE,base
URACIL,active
VACCINIUM MACROCARPON FRUIT POWDER,active
VACCINIUM MYRTILLUS LEAF EXTRACT,active
VACCINIUM VITIS-IDAEA FRUIT EXTRACT,active
VINYL CAPROLACTAM/VP/DIMETHYLAMINOETHYL METHACRYLATE COPOLYMER,base
VISCUM ALBUM FERMENT EXTRACT,active
VITIS VINIFERA FRUIT CELL EXTRACT,active
VITIS VINIFERA JUICE,active
VITIS VINIFERA LEAF EXTRACT,active
VITIS VINIFERA LEAF OIL,active
VITIS VINIFERA OIL,active; base
VOLCANIC ASH,active
VOLCANIC ASH EXTRACT,active
VOLCANIC SAND,active
WALTHERIA INDICA,active
WHEAT GERM EXTRACT,active
WINE,active
WINE EXTRACT,active
ZEA MAYS KERNEL EXTRACT,active
ZEA MAYS SEED EXTRACT,active
ZEOLITE,active; base
DNA,active