ingredients,frequency
SKŁADNIK POCHODZENIA NATURALNEGO,14
SKŁADNIKI POCHODZENIA NATURALNEGO,11
INGREDIENTS,6
ZAWIERA ALERGENY,6
Z70048722/4),5
INGREDIENTS: SKŁADNIK POCHODZENIA NATURALNEGO,3
(F.I.L,2
1,2
SKŁADNIKI NATURALNE I POCHODZENIA NATURALNEGO,2
SKŁADNIKI POCHODZENIA NATURALNEGO/INGREDIENTS OF NATURAL ORIGIN,2
Z70034593/3),2
(F.I.L.Z296314/1),1
(FRAGRANCE),1
3-DIOL,1
AMPUŁKA Z WIT,1
B 162099/2),1
B164981/1),1
B173554/1),1
B176700/1),1
B182626/1),1
B184592/1),1
B192799/2),1
B196877/1),1
B217772/0),1
B220827/1,1
B223562/2),1
B226125/1),1
B232369/1),1
B246136/1),1
B258055/1),1
B258623/1),1
B264237/1),1
B274592/1),1
B274806/1),1
B276084/1),1
B278147/1),1
B50260/4),1
C235660/1),1
C241790/1),1
C246449/1),1
C260513/3),1
C260728/2),1
C261714/1),1
C265878/1),1
CODE,1
E),1
HYDROLYZED,1
SKŁADNIKI POCHODZENIA NATURALNEGO - 95% POZOSTAŁE SKŁADNIKI ODPOWIADAJĄCE ZA TRWAŁOŚĆ RECEPTURY I PRZYJEMNOŚĆ UŻYWANIA - 5%,1
SKŁADNIKI POCHODZENIA NATURALNEGO - 98% POZOSTAŁE SKŁADNIKI ODPOWIEDZIALNE ZA TRWAŁOŚĆ RECEPTURY I PRZYJEMNOŚĆ UŻYWANIA - 2%,1
SKŁADNIKI POCHODZENIA NATURALNEGO – 96% POZOSTAŁE SKŁADNIKI ODPOWIADAJĄCE ZA TRWAŁOŚĆ RECEPTURY I PRZYJEMNOŚĆ UŻYWANIA – 4%,1
SKŁADNIKI POCHODZĄCE Z UPRAW EKOLOGICZNYCH,1
SKŁADNIKI POSIADAJĄCE CERTYFIKAT NATURALNOŚCI,1
Z 70019477/1),1
Z KONTROLOWANYCH UPRAW EKOLOGICZNYCH,1
Z280823/1),1
Z283210/1),1
Z283211/2),1
Z283213/1),1
Z283390/1),1
Z283669/1),1
Z283735/1),1
Z284414/1),1
Z284739/1),1
Z286862/1),1
Z287846/1),1
Z288558/1),1
Z289832/1),1
Z295496/1),1
Z296030/1),1
Z70017075/1),1
Z70020818/1),1
Z70024542/1),1
Z70027052/1),1
Z70027355/1),1
Z70033506/1),1
Z70033950/1),1
Z70037654/2),1
Z70038504/1 ),1
Z70039118/1),1
Z70040247/1),1
Z70043749/1),1
Z70052314/1),1
Z70054288/1),1
Z70063980/1),1
