area,status,finding,research_impact,recommendation
Zakres produktów,poprawne,"Recenzje są ograniczone do tych samych kategorii produktów co products_analysis.","Analiza sentymentu dotyczy spójnej populacji produktów.","Zachować obecny filtr."
Braki rating,poprawne,"Recenzje bez review_rating są usuwane, a rating jest konwertowany do liczby.","Model ratingowy nie otrzymuje niejednoznacznych etykiet.","Raportować liczbę usuniętych recenzji przy każdej aktualizacji danych."
Duplikaty opinii,poprawne,"Duplikaty tekstu oraz konfliktowe etykiety są kontrolowane.","Ogranicza sztuczne zawyżenie skuteczności.","Zachować normalizację i kontrolę konfliktów."
Walidacja OOF,poprawne,"Model ratingowy używa StratifiedGroupKFold z grupowaniem po produkcie.","Opinie tego samego produktu nie przechodzą między treningiem i foldem testowym.","Zachować grupowanie po id."
Przeciek identycznych tekstów,poprawne,"Identyczne znormalizowane teksty są usuwane z treningu względem foldu.","Zmniejsza zapamiętywanie powtarzalnych opinii.","Stosować tę samą kontrolę w każdym nowym modelu."
Etykieta sentymentu modelu bazowego,ograniczenie,"Model bazowy uczy się gwiazdek całej opinii, a nie ręcznego sentymentu konkretnego aspektu.","Lokalny sentyment aspektu może odziedziczyć ogólną ocenę recenzji.","Traktować model jako weak supervision i nie utożsamiać wyniku z czystym aspect-based sentiment."
Reguły aspektowe,częściowo poprawne,"Reguły są interpretowalne i dobrze wykrywają obecność aspektu, lecz primary aspect recall wynosi 0.70.","Największe braki dotyczą effectiveness, absorption_finish i texture_consistency.","Nie dopisywać kolejnych reguł na podstawie zbioru testowego."
Wieloetykietowe aspekty,ograniczenie,"Dodatkowe aspekty są zapisywane w manual_notes, ale protokół nie był identyczny we wszystkich rundach.","Nie ma jeszcze w pełni jednolitego gold standardu do trenowania klasyfikatora multilabel.","Przed modelem aspektowym ujednolicić dodatkowe etykiety do osobnych kolumn binarnych."
Niezależna walidacja,częściowo poprawne,"Końcowe 150 fragmentów nie pokrywa się fragmentami z wcześniejszymi próbami, ale 33 produkty i 13 znormalizowanych tekstów występowało w materiale rozwojowym.","Dla modelu uczonego ręcznymi etykietami mogłoby to zawyżyć wynik.","W benchmarku nadzorowanym usunięto z treningu wszystkie wspólne produkty i teksty."
Nierównowaga klas,ograniczenie,"W teście jest 113 pozytywnych, 17 negatywnych i 15 neutralnych fragmentów.","Accuracy jest zdominowana przez klasę pozytywną.","Jako główną metrykę modelu tekstowego stosować macro F1 i raport klasowy."
Klasa neutralna,ograniczenie,"Obecna hybryda osiąga F1 0.29 dla neutral, model ręcznie uczony około 0.50 na wspólnym zakresie.","Wnioski o neutralnym sentymencie są niestabilne.","Zebrać więcej neutralnych i negatywnych przykładów przed finalnym wdrożeniem."
Jedna osoba oznaczająca,ograniczenie,"Nie można policzyć zgodności między anotatorami.","Niepewność definicji aspektów nie jest ilościowo oszacowana.","Utrzymywać precyzyjny codebook i wykonywać ponowną samoocenę losowej części próby po czasie."
Rating jako cecha,niewskazane,"Rating przewiduje ręczny sentyment lepiej niż model tekstowy, ale jest potencjalnym wynikiem późniejszych analiz.","Dodanie ratingu do modelu stworzyłoby częściowo tautologiczną zależność sentyment-rating.","Używać ratingu jako benchmarku lub zmiennej walidacyjnej, nie jako cechy tekstowego wyniku sentymentu."
Model nadzorowany na ręcznych etykietach,benchmark zakończony,"Na teście rozłącznym produktowo osiąga accuracy 0.77 i macro F1 0.61; różnica względem hybrydy na wspólnym zakresie nie jest istotna.","Nie ma podstaw do automatycznej zamiany obecnego modelu.","Zachować jako model porównawczy i rozszerzyć ręczny korpus przed ponownym testem."
Wnioskowanie statystyczne,poprawne,"Dodano przedziały Wilsona, raport klasowy, test McNemara i bootstrap klastrowy po produktach.","Wnioski uwzględniają niepewność i zależność obserwacji w obrębie produktu.","Raportować przedziały i support razem z metrykami punktowymi."
