aspect,aspect_group,mentions_count,reviews_count,products_count,mean_expected_rating,mean_sentiment_score,median_sentiment_score,negative_share,neutral_share,positive_share,rule_based_share
hydration_nourishment,performance,2493,2399,1084,4.61,0.80,0.91,0.04,0.03,0.93,0.06
effectiveness,performance,2406,2240,1026,4.38,0.69,0.81,0.09,0.04,0.86,0.12
texture_consistency,sensory,1233,1186,695,3.94,0.47,0.79,0.21,0.04,0.74,0.18
cleansing_makeup_removal,performance,1107,1023,440,4.44,0.72,0.86,0.07,0.04,0.89,0.03
application,sensory,1091,1066,589,4.60,0.80,0.84,0.02,0.02,0.96,0.02
scent,sensory,1000,980,619,4.36,0.68,0.82,0.08,0.05,0.87,0.03
absorption_finish,sensory,885,859,533,4.44,0.72,0.83,0.07,0.03,0.90,0.29
skin_tolerance,performance,872,841,573,4.32,0.66,0.80,0.10,0.02,0.88,0.56
formula_composition,formula,703,674,505,4.63,0.81,0.87,0.02,0.02,0.95,0.01
price_value,economic,642,615,473,4.46,0.73,0.83,0.04,0.05,0.91,0.01
packaging,packaging,483,462,376,4.32,0.66,0.73,0.06,0.06,0.88,0.00
efficiency,economic,239,236,212,4.50,0.75,0.84,0.03,0.03,0.94,0.03
pore_clogging,performance,153,150,134,4.14,0.57,0.80,0.13,0.04,0.83,1.00
