metric,value
test_reviews,11609.00
mae_expected_rating,0.38
rmse_expected_rating,0.58
mae_rounded_rating,0.27
exact_rating_accuracy,0.77
within_one_star_accuracy,0.97
quadratic_weighted_kappa,0.67
rating_spearman,0.48
rating_balanced_accuracy,0.38
rating_macro_f1,0.37
sentiment_balanced_accuracy,0.61
sentiment_macro_f1,0.59
multiclass_log_loss,0.65
multiclass_brier_score,0.25
expected_calibration_error,0.06
mean_observed_class_probability,0.73
training_majority_rating_accuracy,0.82
training_majority_rating_mae,0.33
