brand,product_count,median_price,median_standardized_price_per_unit,avg_weighted_rating,median_opinions,median_ingredients_count,median_active_count,avg_active_share,median_active_position_score
ISANA,134,10.99,17.71,4.75,42.50,20.00,10.00,54.28,21.00
BIELENDA,115,22.99,53.32,4.76,39.00,39.00,21.00,53.84,30.00
NIVEA,80,22.99,124.98,4.81,35.50,24.00,10.00,48.61,21.00
EVELINE COSMETICS,78,18.99,37.98,4.79,42.50,36.00,19.00,52.36,27.50
TOŁPA,63,33.99,73.98,4.79,37.00,24.00,11.00,44.13,20.00
AA,56,27.49,48.32,4.78,34.50,35.50,21.50,61.07,30.00
ZIAJA,55,9.49,14.27,4.84,64.00,22.00,11.00,48.66,19.00
L'ORÉAL PARIS,52,43.74,107.98,4.81,53.50,36.00,15.00,42.81,25.00
MIYA COSMETICS,46,37.99,91.23,4.78,26.50,25.50,13.00,52.02,21.50
ALTERRA,42,16.99,59.14,4.76,7.50,20.00,12.50,57.59,22.00
DERMIKA,42,62.49,129.98,4.81,39.00,40.50,22.00,52.77,33.50
GARNIER,40,22.74,44.00,4.79,42.50,22.00,8.50,39.05,16.00
KIMOCO,38,9.49,20.83,4.80,75.50,30.50,16.50,54.96,25.00
BIOTANIQE,34,12.99,22.82,4.78,45.50,25.50,12.50,49.47,21.00
PERFECTA,34,17.99,56.98,4.79,14.00,42.50,23.50,52.48,34.00
SELFIE PROJECT,33,14.99,12.49,4.75,13.00,18.00,8.00,41.57,16.00
BIELENDA PROFESSIONAL,30,61.99,133.98,4.82,9.50,40.50,19.50,51.78,30.50
CHRISTIAN LAURENT,27,42.99,93.98,4.84,70.00,58.00,29.00,52.26,38.00
SKIN1004,25,61.99,116.63,4.81,2.00,32.00,19.00,58.65,29.00
MEDIHEAL,23,12.49,58.29,4.83,15.00,45.00,32.00,71.03,38.00
YOSKINE,22,45.99,91.96,4.81,17.50,35.50,16.50,48.07,26.50
E.L.F.,21,45.99,605.13,4.79,2.00,30.00,15.00,50.52,22.00
MIXA,21,22.99,43.98,4.83,39.00,18.00,10.00,45.34,18.00
COSRX,19,75.99,79.99,4.81,2.00,12.00,8.00,51.06,18.00
BEAUTY OF JOSEON,18,64.99,65.35,4.83,8.00,28.00,19.00,61.88,27.00
ESFOLIO,18,2.29,9.16,4.81,26.50,24.00,8.00,35.57,17.50
JANDA,18,51.49,109.98,4.84,96.50,53.00,26.50,49.87,37.50
UZDROVISCO,18,64.99,129.98,4.79,4.00,39.00,21.00,58.83,28.50
FLUFF,17,26.99,53.98,4.77,74.00,27.00,13.00,48.63,20.00
ROUTINES BY ALKMIE,17,61.99,123.98,4.74,20.00,28.00,15.00,59.59,23.00
YOPE,16,30.99,73.98,4.78,33.50,29.00,18.00,57.43,26.50
ERNE,15,11.49,1.90,4.63,63.00,17.00,11.00,61.36,21.00
YOUR KAYA,15,25.99,199.98,4.75,15.00,23.00,10.00,41.83,15.00
BEBIO COSMETICS,14,23.49,63.72,4.73,12.00,23.00,11.00,56.32,25.00
LOVELY,14,21.49,448.83,4.77,6.50,28.00,7.50,35.30,16.50
MANUFAKTURA PIĘKNA,14,26.74,44.36,4.78,5.00,6.00,4.00,56.57,11.00
KLOO,13,126.99,253.98,4.74,5.00,31.00,13.00,45.47,18.00
VEOLI BOTANICA,13,89.99,249.97,4.78,6.00,22.00,14.00,60.49,22.00
LIRENE,12,23.99,46.98,4.79,36.50,38.50,13.00,41.32,20.00
CARMEX,11,12.99,305.65,4.85,60.00,18.00,12.00,60.88,24.00
EFEKTIMA,11,15.99,54.14,4.79,7.00,32.00,17.00,52.45,28.00
NATURALME,11,49.99,99.98,4.77,1.00,43.00,28.00,69.47,39.00
RESIBO,11,43.99,79.97,4.78,22.00,32.00,18.00,52.38,26.00
FLOSLEK LABORATORIUM,10,31.99,69.96,4.80,1.50,29.00,17.00,54.02,26.50
HAGI,10,76.99,153.98,4.81,4.50,35.50,22.50,60.17,33.00
MISSHA,10,4.99,26.26,4.79,10.50,29.50,17.50,60.82,24.00
NAM,9,37.99,266.61,4.77,2.00,42.00,19.00,51.75,29.00
SORAYA,9,11.49,13.98,4.81,54.00,34.00,18.00,49.22,28.00
HADA LABO TOKYO,8,67.99,135.98,4.83,37.00,30.50,18.00,57.86,27.00
HOLIKA HOLIKA,8,11.99,52.13,4.81,3.50,29.00,17.50,61.34,23.00
IWOSTIN,8,69.99,162.48,4.80,1.50,33.50,16.50,47.44,23.00
LIP SMACKER,8,14.49,258.93,4.74,6.00,25.50,15.00,58.02,25.00
TULI LABS,8,34.99,499.86,4.80,1.00,22.00,5.00,25.91,10.50
BIODANCE,7,19.99,19.99,4.81,1.00,46.00,32.00,69.51,39.00
CATCH A TIGER,7,21.99,63.98,4.73,28.00,33.00,16.00,48.62,22.00
SOME BY MI,7,59.99,99.98,4.80,1.00,57.00,39.00,71.09,47.00
TIRTIR,7,119.99,239.98,4.79,2.00,38.00,27.00,74.22,39.00
VASELINE,7,14.49,207.00,4.80,40.00,7.00,1.00,44.07,3.00
VT COSMETICS,7,89.99,24.99,4.78,1.00,41.00,31.00,68.72,39.00
BLISTEX,6,11.49,270.35,4.81,55.00,24.00,16.00,62.76,26.50
CLOUD111,6,19.99,19.16,4.75,13.00,28.50,14.50,50.38,24.00
MOKOSH COSMETICS,6,46.99,94.98,4.81,18.50,36.50,17.50,51.36,26.00
PURITO,6,99.99,166.65,4.76,1.00,34.50,21.00,59.31,27.50
QURET,6,12.49,268.98,4.79,2.00,22.50,16.50,66.64,27.00
ROUND LAB,6,82.49,43.32,4.78,5.50,32.00,17.00,59.87,24.50
SKIN627,6,2.99,13.59,4.77,7.50,25.00,13.00,51.80,24.00
VITAMIN E,6,9.99,20.98,4.79,13.50,35.00,18.50,54.58,27.50
BARONESS,5,3.69,3.69,4.80,9.00,23.00,10.00,42.42,18.00
BE.MEL,5,44.99,93.98,4.79,2.00,27.00,15.00,52.65,24.00
CLAYLY,5,36.99,79.98,4.77,2.00,38.00,21.00,54.77,31.00
ESSENCE,5,13.49,134.90,4.78,1.00,27.00,8.00,33.84,14.00
EVELINE PRESTIGE,5,33.99,67.98,4.81,49.00,82.00,60.00,72.96,68.00
MAX FACTOR,5,59.99,499.92,4.73,4.00,37.00,17.00,42.47,24.00
MAYBELLINE NEW YORK,5,42.99,1535.36,4.77,19.00,45.00,20.00,44.44,28.00
WIBO,5,32.99,2199.33,4.75,4.00,26.00,8.00,30.77,13.00
AVA LABORATORIUM,4,60.49,159.64,4.79,10.00,34.50,15.50,44.66,23.50
BEAUTY DROPS COSMETICS,4,36.99,123.30,4.82,7.00,22.50,17.50,73.39,28.00
CATRICE,4,15.49,154.90,4.79,1.00,29.00,14.00,44.56,22.50
CLEANIC,4,9.99,0.65,4.72,23.50,12.00,5.00,37.92,10.50
HARUHARU WONDER,4,87.49,72.49,4.78,1.00,25.50,13.50,59.76,20.00
ME+,4,29.99,99.96,4.77,16.00,11.00,5.50,55.51,13.50
MOND'SUB,4,7.04,16.26,4.80,1.50,23.50,11.50,49.07,22.50
NIVEA MEN,4,18.99,139.60,4.82,12.00,19.00,8.00,44.73,14.00
PUSHEEN,4,7.39,111.24,4.80,25.00,24.00,16.50,59.54,25.50
ROM&ND,4,44.49,394.42,4.80,1.00,34.50,13.50,41.39,17.00
YEAUTY,4,5.79,5.79,4.77,4.00,25.50,15.00,58.98,25.50
7TH HEAVEN,3,11.49,42.56,4.83,10.00,26.00,16.00,61.21,19.00
A'PIEU,3,7.99,38.05,4.79,1.00,28.00,18.00,64.29,25.00
B. BY SUPERDRUG,3,23.49,47.98,4.68,7.00,37.00,17.00,46.65,25.00
CNF,3,4.99,24.95,4.81,2.00,20.00,11.00,54.06,18.00
DR. ALTHEA,3,99.99,199.98,4.80,1.00,38.00,23.00,58.23,30.00
GENABELLE,3,102.99,147.13,4.79,1.00,40.00,27.00,71.67,36.00
HERO.,3,34.99,1.46,4.76,72.00,1.00,0.00,0.00,0.00
IT'S SKIN,3,5.39,5.39,4.79,1.00,28.00,15.00,54.76,22.00
MEDICUBE,3,87.99,118.17,4.79,1.00,48.00,31.00,66.80,34.00
NEUTROGENA,3,14.99,312.29,4.79,97.00,22.00,14.00,59.73,24.00
NUXE,3,59.99,46.66,4.79,1.00,16.00,8.00,47.37,15.00
PANI WALEWSKA,3,22.49,44.98,4.79,1.00,24.00,11.00,46.63,21.00
REGENERUM,3,19.99,399.80,4.83,106.00,20.00,11.00,63.83,33.00
RIMMEL,3,36.99,822.00,4.72,6.00,28.00,12.00,42.86,20.00
STARS,3,22.49,281.12,4.81,5.00,18.00,6.00,33.40,14.00
SUNOZON,3,14.99,33.98,4.72,24.00,20.00,7.00,47.43,11.00
THE ORDINARY,3,45.99,146.63,4.80,1.00,24.00,12.00,49.44,21.00
TOCOBO,3,59.49,127.98,4.80,2.00,48.00,25.00,58.66,33.00
VEET,3,15.99,0.80,4.80,10.00,17.00,6.00,34.64,12.00
AA WINGS OF COLOR,2,24.99,555.33,4.78,2.00,13.00,8.00,61.54,16.00
ARGANOVE,2,8.49,28.30,4.85,48.50,1.00,1.00,100.00,3.00
AURA HERBALS,2,27.49,10.16,4.67,14.00,7.00,4.00,57.14,12.00
AVON,2,19.49,278.43,4.80,1.50,24.00,6.00,25.00,11.00
AXIS-Y,2,94.99,589.94,4.79,1.00,32.00,22.00,67.18,30.00
BANILA CO,2,87.49,88.32,4.80,1.50,21.00,10.00,47.62,18.00
BEE NATURAL,2,16.99,404.52,4.80,2.00,12.00,9.50,80.72,23.00
BEPANTHEN,2,26.49,482.04,4.39,39.50,23.50,14.50,61.50,24.50
BIODERMA,2,79.99,16.00,4.82,4.50,12.50,7.00,56.66,15.00
EVERYBODY LONDON,2,32.49,32.49,4.70,11.00,18.00,12.00,64.94,20.50
FACEBOOM,2,21.99,36.66,4.74,77.50,16.00,8.50,53.12,18.00
JOANNA,2,8.39,0.62,4.66,151.50,11.00,3.00,26.49,7.50
LALARECIPE,2,109.99,39.33,4.79,1.00,59.00,46.00,78.26,54.50
LOVE SKIN,2,29.99,0.50,4.71,13.00,18.00,13.00,72.22,24.00
MIXSOON,2,98.99,87.32,4.79,1.00,11.00,5.00,71.43,7.50
NATURAVERDE,2,13.74,258.24,4.75,17.00,19.00,11.50,59.94,23.00
NO:HJ,2,13.99,55.96,4.77,3.50,29.00,19.00,65.52,29.50
PAW PATROL,2,10.99,249.77,4.77,20.00,16.50,10.00,60.66,21.00
PUPA MILANO,2,117.49,1105.17,4.79,1.00,26.00,15.00,56.55,24.00
TISANE,2,17.99,400.57,4.80,1.50,22.50,16.50,75.11,29.00
AA LAAB,1,29.99,199.93,4.60,1.00,42.00,26.00,61.90,34.00
ABIB,1,65.99,1.10,4.80,2.00,41.00,27.00,65.85,34.00
ANUA,1,54.99,36.66,4.79,1.00,35.00,24.00,68.57,33.00
AURA,1,12.99,216.50,4.81,25.00,14.00,4.00,28.57,8.00
AVELLIA,1,11.49,0.11,4.62,71.00,19.00,5.00,26.32,10.00
AVENE,1,99.99,499.95,4.79,1.00,25.00,11.00,44.00,16.00
BATMAN,1,12.99,341.84,4.57,18.00,32.00,19.00,59.38,34.00
BIAŁY JELEŃ,1,16.99,3.40,4.76,2.00,15.00,4.00,26.67,8.00
CARBON THEORY LABS,1,39.99,39.99,4.79,1.00,23.00,15.00,65.22,24.00
CELIMAX,1,83.99,559.93,4.79,1.00,32.00,19.00,59.38,29.00
CETTUA,1,12.99,12.99,4.80,2.00,39.00,28.00,71.79,34.00
CLARINS,1,429.99,1433.30,4.80,2.00,57.00,40.00,70.18,48.00
COLOSTROBAZA,1,17.49,58.30,4.85,48.00,12.00,6.00,50.00,12.00
DASIQUE,1,65.99,1015.23,4.79,1.00,28.00,7.00,25.00,11.00
DR.JART+,1,109.99,366.63,4.77,3.00,59.00,29.00,49.15,38.00
EASY LIVIN',1,69.99,69.99,4.75,1.00,1.00,0.00,0.00,0.00
EQQUALBERRY,1,99.99,45.45,4.79,1.00,35.00,29.00,82.86,41.00
EWA SCHMITT,1,9.99,9.99,4.76,6.00,3.00,0.00,0.00,0.00
EXCLUSIVE COSMETICS,1,5.99,3.00,4.68,133.00,21.00,8.00,38.10,18.00
FOR YOUR BEAUTY,1,12.99,12.99,4.55,21.00,3.00,1.00,33.33,3.00
FRULATTE,1,52.99,105.98,4.79,1.00,34.00,23.00,67.65,33.00
GABBY'S DOLLHOUSE,1,10.99,249.77,4.75,17.00,16.00,10.00,62.50,21.00
GARNIER AMBRE SOLAIRE,1,44.99,59.99,4.82,26.00,33.00,9.00,27.27,13.00
GARNIER DELIAL AMBRE SOLAIRE,1,49.99,99.98,4.79,1.00,34.00,11.00,32.35,16.00
HISKIN,1,28.99,14.49,4.58,12.00,10.00,5.00,50.00,13.00
ISADORA,1,59.99,3749.38,4.79,1.00,26.00,9.00,34.62,19.00
ISANA KIDS,1,4.79,99.79,4.66,39.00,16.00,9.00,56.25,21.00
ISNTREE,1,59.99,399.93,4.79,1.00,11.00,7.00,63.64,16.00
JELP,1,13.99,317.95,4.79,1.00,16.00,10.00,62.50,21.00
LANEIGE,1,99.99,499.95,4.81,3.00,36.00,18.00,50.00,26.00
LUMENE,1,129.99,259.98,4.60,1.00,47.00,21.00,44.68,26.00
NIACYNOBAZA,1,19.99,66.63,4.77,66.00,11.00,7.00,63.64,15.00
NIVEA SUN,1,54.99,183.30,4.84,13.00,37.00,10.00,27.03,11.00
OPHARM,1,6.29,0.20,4.85,22.00,11.00,4.00,36.36,10.00
ORGANIQUE,1,69.99,233.30,4.79,1.00,45.00,24.00,53.33,27.00
PHLOV,1,81.99,163.98,4.81,3.00,62.00,45.00,72.58,56.00
PHYSIOGEL,1,59.99,149.98,4.79,1.00,16.00,9.00,56.25,20.00
PIL’ATEN,1,3.49,49.86,4.64,84.00,15.00,8.00,53.33,20.00
PYUNKANG YUL,1,73.99,36.99,4.79,1.00,7.00,3.00,42.86,8.00
RETINOBAZA,1,14.99,49.97,4.80,21.00,11.00,7.00,63.64,15.00
ROUTINES,1,29.99,29.99,4.79,1.00,37.00,20.00,54.05,29.00
SATTVA,1,39.99,79.98,4.79,1.00,1.00,1.00,100.00,3.00
SINOZ,1,46.99,11.75,4.71,2.00,30.00,12.00,40.00,13.00
SO!FLOW BY VIS PLANTIS,1,44.99,89.98,4.79,1.00,34.00,23.00,67.65,33.00
STARA MYDLARNIA,1,30.99,12.40,4.81,3.00,27.00,9.00,33.33,11.00
TANITA,1,11.99,1.00,4.62,10.00,22.00,8.00,36.36,16.00
YEPPDA,1,4.19,15.52,4.80,2.00,22.00,8.00,36.36,13.00
ZIOŁOLEK LINOTORMENTIALLAE,1,19.99,39.98,4.84,8.00,12.00,6.00,50.00,12.00
ZOMBIE BEAUTY BY SKIN1004,1,43.99,43.99,4.79,1.00,41.00,25.00,60.98,32.00
