,weighted_rating,log_opinions,log_standardized_price,ingredients_count,active_count,active_position_score,is_niacinamide,is_ceramides,is_hyaluronic_acid,is_retinoids,is_vitamin_c,is_peptides,is_centella_asiatica,is_salicylic_acid,is_panthenol,is_squalane,is_aha
weighted_rating,1.00,0.29,-0.03,0.06,0.04,0.04,-0.01,0.03,0.02,0.05,0.02,0.03,0.01,0.01,0.05,0.01,-0.03
log_opinions,0.29,1.00,-0.25,-0.09,-0.10,-0.06,-0.09,-0.00,-0.05,0.05,0.07,-0.03,-0.12,0.06,-0.01,-0.04,-0.03
log_standardized_price,-0.03,-0.25,1.00,0.25,0.26,0.25,-0.01,0.07,0.00,-0.01,0.12,0.16,0.01,-0.01,-0.17,0.23,-0.03
ingredients_count,0.06,-0.09,0.25,1.00,0.90,0.79,0.18,0.40,0.25,0.16,0.26,0.39,0.15,-0.02,0.14,0.37,0.12
active_count,0.04,-0.10,0.26,0.90,1.00,0.96,0.21,0.43,0.28,0.16,0.27,0.39,0.21,-0.07,0.19,0.38,0.14
active_position_score,0.04,-0.06,0.25,0.79,0.96,1.00,0.19,0.41,0.26,0.16,0.27,0.38,0.19,-0.08,0.17,0.38,0.13
is_niacinamide,-0.01,-0.09,-0.01,0.18,0.21,0.19,1.00,0.06,0.06,0.03,0.09,0.01,0.14,0.14,0.14,0.04,0.04
is_ceramides,0.03,-0.00,0.07,0.40,0.43,0.41,0.06,1.00,0.07,0.03,0.10,0.19,0.16,-0.05,0.13,0.28,0.16
is_hyaluronic_acid,0.02,-0.05,0.00,0.25,0.28,0.26,0.06,0.07,1.00,0.04,0.04,0.17,0.17,-0.04,0.13,0.02,-0.03
is_retinoids,0.05,0.05,-0.01,0.16,0.16,0.16,0.03,0.03,0.04,1.00,0.01,0.12,-0.03,0.06,-0.01,0.03,0.00
is_vitamin_c,0.02,0.07,0.12,0.26,0.27,0.27,0.09,0.10,0.04,0.01,1.00,0.14,-0.08,0.00,-0.00,0.26,0.04
is_peptides,0.03,-0.03,0.16,0.39,0.39,0.38,0.01,0.19,0.17,0.12,0.14,1.00,0.04,-0.02,-0.02,0.18,0.11
is_centella_asiatica,0.01,-0.12,0.01,0.15,0.21,0.19,0.14,0.16,0.17,-0.03,-0.08,0.04,1.00,-0.02,0.08,-0.01,0.02
is_salicylic_acid,0.01,0.06,-0.01,-0.02,-0.07,-0.08,0.14,-0.05,-0.04,0.06,0.00,-0.02,-0.02,1.00,-0.01,-0.08,0.09
is_panthenol,0.05,-0.01,-0.17,0.14,0.19,0.17,0.14,0.13,0.13,-0.01,-0.00,-0.02,0.08,-0.01,1.00,-0.01,0.05
is_squalane,0.01,-0.04,0.23,0.37,0.38,0.38,0.04,0.28,0.02,0.03,0.26,0.18,-0.01,-0.08,-0.01,1.00,0.08
is_aha,-0.03,-0.03,-0.03,0.12,0.14,0.13,0.04,0.16,-0.03,0.00,0.04,0.11,0.02,0.09,0.05,0.08,1.00
