outcome,ingredient,coefficient,standardized_coefficient,std_error_hc3,t_value,p_value,ci_95_low,ci_95_high,approx_percent_change,model_status,n_obs,n_parameters,residual_df,r_squared,adjusted_r_squared,aic,bic,outcome_std,p_value_fdr_bh,significant_fdr_0_05,direction
weighted_rating,niacinamide,0.00,0.04,0.00,0.70,0.49,-0.01,0.01,,ok,1814,114,1700,0.23,0.18,-4195.37,-3568.00,0.08,0.94,False,positive
weighted_rating,ceramides,-0.00,-0.00,0.01,-0.06,0.95,-0.01,0.01,,ok,1814,114,1700,0.23,0.18,-4195.37,-3568.00,0.08,0.95,False,negative
weighted_rating,hyaluronic_acid,-0.00,-0.04,0.00,-0.74,0.46,-0.01,0.01,,ok,1814,114,1700,0.23,0.18,-4195.37,-3568.00,0.08,0.94,False,negative
weighted_rating,retinoids,0.01,0.09,0.01,0.95,0.34,-0.01,0.02,,ok,1814,114,1700,0.23,0.18,-4195.37,-3568.00,0.08,0.94,False,positive
weighted_rating,vitamin_c,0.01,0.08,0.00,1.42,0.15,-0.00,0.02,,ok,1814,114,1700,0.23,0.18,-4195.37,-3568.00,0.08,0.85,False,positive
weighted_rating,peptides,0.00,0.00,0.01,0.07,0.95,-0.01,0.01,,ok,1814,114,1700,0.23,0.18,-4195.37,-3568.00,0.08,0.95,False,positive
weighted_rating,centella_asiatica,0.00,0.03,0.01,0.34,0.74,-0.01,0.02,,ok,1814,114,1700,0.23,0.18,-4195.37,-3568.00,0.08,0.94,False,positive
weighted_rating,salicylic_acid,-0.02,-0.19,0.01,-1.64,0.10,-0.03,0.00,,ok,1814,114,1700,0.23,0.18,-4195.37,-3568.00,0.08,0.85,False,negative
weighted_rating,panthenol,-0.00,-0.02,0.01,-0.29,0.77,-0.01,0.01,,ok,1814,114,1700,0.23,0.18,-4195.37,-3568.00,0.08,0.94,False,negative
weighted_rating,squalane,-0.00,-0.04,0.01,-0.51,0.61,-0.02,0.01,,ok,1814,114,1700,0.23,0.18,-4195.37,-3568.00,0.08,0.94,False,negative
weighted_rating,aha,-0.00,-0.04,0.01,-0.51,0.61,-0.01,0.01,,ok,1814,114,1700,0.23,0.18,-4195.37,-3568.00,0.08,0.94,False,negative
log_opinions,niacinamide,-0.18,-0.13,0.08,-2.26,0.02,-0.34,-0.02,-16.64,ok,1814,114,1700,0.43,0.40,5630.98,6258.35,1.42,0.14,False,negative
log_opinions,ceramides,0.12,0.09,0.10,1.26,0.21,-0.07,0.32,13.24,ok,1814,114,1700,0.43,0.40,5630.98,6258.35,1.42,0.29,False,positive
log_opinions,hyaluronic_acid,-0.10,-0.07,0.07,-1.50,0.13,-0.23,0.03,-9.37,ok,1814,114,1700,0.43,0.40,5630.98,6258.35,1.42,0.24,False,negative
log_opinions,retinoids,0.27,0.19,0.14,2.00,0.05,0.01,0.54,31.63,ok,1814,114,1700,0.43,0.40,5630.98,6258.35,1.42,0.15,False,positive
log_opinions,vitamin_c,0.10,0.07,0.07,1.39,0.16,-0.04,0.24,10.30,ok,1814,114,1700,0.43,0.40,5630.98,6258.35,1.42,0.26,False,positive
log_opinions,peptides,-0.19,-0.13,0.08,-2.24,0.03,-0.35,-0.02,-17.16,ok,1814,114,1700,0.43,0.40,5630.98,6258.35,1.42,0.14,False,negative
log_opinions,centella_asiatica,-0.10,-0.07,0.11,-0.95,0.34,-0.31,0.11,-9.55,ok,1814,114,1700,0.43,0.40,5630.98,6258.35,1.42,0.34,False,negative
log_opinions,salicylic_acid,-0.23,-0.16,0.12,-1.92,0.06,-0.46,0.01,-20.24,ok,1814,114,1700,0.43,0.40,5630.98,6258.35,1.42,0.15,False,negative
log_opinions,panthenol,-0.08,-0.06,0.08,-1.07,0.28,-0.23,0.07,-7.82,ok,1814,114,1700,0.43,0.40,5630.98,6258.35,1.42,0.31,False,negative
log_opinions,squalane,0.13,0.09,0.08,1.57,0.12,-0.03,0.29,13.90,ok,1814,114,1700,0.43,0.40,5630.98,6258.35,1.42,0.24,False,positive
log_opinions,aha,-0.12,-0.08,0.10,-1.17,0.24,-0.31,0.08,-10.87,ok,1814,114,1700,0.43,0.40,5630.98,6258.35,1.42,0.30,False,negative
log_standardized_price,niacinamide,-0.03,-0.02,0.05,-0.56,0.58,-0.12,0.07,-2.68,ok,1814,113,1701,0.82,0.81,3669.68,4291.55,1.47,0.70,False,negative
log_standardized_price,ceramides,-0.06,-0.04,0.06,-0.98,0.33,-0.17,0.06,-5.45,ok,1814,113,1701,0.82,0.81,3669.68,4291.55,1.47,0.60,False,negative
log_standardized_price,hyaluronic_acid,-0.03,-0.02,0.04,-0.67,0.50,-0.11,0.05,-2.66,ok,1814,113,1701,0.82,0.81,3669.68,4291.55,1.47,0.70,False,negative
log_standardized_price,retinoids,-0.10,-0.07,0.07,-1.33,0.18,-0.24,0.05,-9.16,ok,1814,113,1701,0.82,0.81,3669.68,4291.55,1.47,0.50,False,negative
log_standardized_price,vitamin_c,-0.01,-0.01,0.04,-0.21,0.83,-0.10,0.08,-0.92,ok,1814,113,1701,0.82,0.81,3669.68,4291.55,1.47,0.83,False,negative
log_standardized_price,peptides,0.08,0.06,0.05,1.73,0.08,-0.01,0.18,8.77,ok,1814,113,1701,0.82,0.81,3669.68,4291.55,1.47,0.30,False,positive
log_standardized_price,centella_asiatica,0.02,0.02,0.07,0.34,0.73,-0.12,0.16,2.45,ok,1814,113,1701,0.82,0.81,3669.68,4291.55,1.47,0.81,False,positive
log_standardized_price,salicylic_acid,0.05,0.04,0.09,0.60,0.55,-0.12,0.22,5.29,ok,1814,113,1701,0.82,0.81,3669.68,4291.55,1.47,0.70,False,positive
log_standardized_price,panthenol,-0.05,-0.03,0.05,-1.09,0.27,-0.14,0.04,-5.01,ok,1814,113,1701,0.82,0.81,3669.68,4291.55,1.47,0.60,False,negative
log_standardized_price,squalane,0.19,0.13,0.05,3.90,0.00,0.09,0.28,20.44,ok,1814,113,1701,0.82,0.81,3669.68,4291.55,1.47,0.00,True,positive
log_standardized_price,aha,-0.11,-0.08,0.06,-2.05,0.04,-0.22,-0.01,-10.77,ok,1814,113,1701,0.82,0.81,3669.68,4291.55,1.47,0.22,False,negative
