ingredient,product_count,product_share,avg_position,median_position,median_price,median_standardized_price_per_unit,avg_weighted_rating,median_opinions,median_ingredients_count,median_active_count,avg_active_share,median_active_position_score
hyaluronic_acid,734,40.46,16.00,15.00,26.99,63.36,4.79,17.00,32.00,17.00,54.63,26.00
panthenol,469,25.85,13.47,11.00,21.49,43.99,4.79,18.00,30.00,17.00,55.92,27.00
vitamin_c,419,23.10,18.70,16.00,28.99,89.97,4.79,24.00,35.00,19.00,54.99,28.00
squalane,374,20.62,14.46,11.00,36.99,113.30,4.79,17.00,39.00,22.00,56.82,31.00
niacinamide,345,19.02,8.37,7.00,30.99,62.45,4.79,13.00,34.00,18.00,56.30,27.00
peptides,334,18.41,19.61,17.00,36.99,101.62,4.79,17.00,41.00,22.50,56.26,32.00
ceramides,250,13.78,22.56,20.00,33.99,76.63,4.79,18.50,44.00,26.00,60.33,36.00
aha,228,12.57,22.76,21.00,32.99,59.98,4.79,22.00,34.00,18.00,55.24,28.00
centella_asiatica,207,11.41,13.63,13.00,35.99,62.90,4.79,9.00,34.00,20.00,60.37,30.00
salicylic_acid,144,7.94,15.09,13.00,29.99,62.22,4.79,33.50,26.00,12.00,46.81,20.00
retinoids,103,5.68,18.62,17.00,22.99,61.98,4.80,26.00,37.00,21.00,55.64,30.00
