,weighted_rating,log_opinions,log_standardized_price,ingredients_count,active_count,active_position_score,fragrance_count,fragrance_allergen_count,preservative_count,is_alcohol_denat,drying_alcohol_count,is_drying_alcohol,is_parfum,is_colorant
weighted_rating,1.00,0.29,-0.03,0.06,0.04,0.04,0.07,0.06,0.08,-0.02,-0.01,-0.01,0.08,-0.08
log_opinions,0.29,1.00,-0.25,-0.09,-0.10,-0.06,0.04,0.04,0.17,0.05,0.04,0.04,0.08,-0.02
log_standardized_price,-0.03,-0.25,1.00,0.25,0.26,0.25,0.11,0.06,-0.13,0.02,-0.04,-0.04,-0.04,0.25
ingredients_count,0.06,-0.09,0.25,1.00,0.90,0.79,0.39,0.38,0.29,0.01,0.01,0.01,0.24,0.14
active_count,0.04,-0.10,0.26,0.90,1.00,0.96,0.22,0.22,0.15,-0.09,-0.07,-0.07,0.07,0.02
active_position_score,0.04,-0.06,0.25,0.79,0.96,1.00,0.21,0.22,0.12,-0.13,-0.10,-0.10,0.05,-0.00
fragrance_count,0.07,0.04,0.11,0.39,0.22,0.21,1.00,0.91,0.25,0.04,0.06,0.06,0.60,0.08
fragrance_allergen_count,0.06,0.04,0.06,0.38,0.22,0.22,0.91,1.00,0.30,0.03,0.04,0.04,0.41,0.03
preservative_count,0.08,0.17,-0.13,0.29,0.15,0.12,0.25,0.30,1.00,0.04,0.04,0.04,0.28,0.02
is_alcohol_denat,-0.02,0.05,0.02,0.01,-0.09,-0.13,0.04,0.03,0.04,1.00,0.75,0.75,0.08,0.02
drying_alcohol_count,-0.01,0.04,-0.04,0.01,-0.07,-0.10,0.06,0.04,0.04,0.75,1.00,1.00,0.11,-0.03
is_drying_alcohol,-0.01,0.04,-0.04,0.01,-0.07,-0.10,0.06,0.04,0.04,0.75,1.00,1.00,0.11,-0.03
is_parfum,0.08,0.08,-0.04,0.24,0.07,0.05,0.60,0.41,0.28,0.08,0.11,0.11,1.00,0.09
is_colorant,-0.08,-0.02,0.25,0.14,0.02,-0.00,0.08,0.03,0.02,0.02,-0.03,-0.03,0.09,1.00
