model,outcome,term,coefficient,std_error_hc3,t_value,p_value,ci_95_low,ci_95_high,predictor_std,standardized_coefficient,n_obs,n_parameters,residual_df,r_squared,adjusted_r_squared,aic,bic,outcome_std,term_type,p_value_fdr_bh,significant_fdr_0_05,direction,ingredient
ingredient,weighted_rating,is_niacinamide,0.00,0.00,0.70,0.49,-0.01,0.01,0.39,0.02,1814,114,1700,0.23,0.18,-4195.37,-3568.00,0.08,ingredient_flag,0.94,False,positive,niacinamide
ingredient,weighted_rating,is_ceramides,-0.00,0.01,-0.06,0.95,-0.01,0.01,0.34,-0.00,1814,114,1700,0.23,0.18,-4195.37,-3568.00,0.08,ingredient_flag,0.95,False,negative,ceramides
ingredient,weighted_rating,is_hyaluronic_acid,-0.00,0.00,-0.74,0.46,-0.01,0.01,0.49,-0.02,1814,114,1700,0.23,0.18,-4195.37,-3568.00,0.08,ingredient_flag,0.94,False,negative,hyaluronic_acid
ingredient,weighted_rating,is_retinoids,0.01,0.01,0.95,0.34,-0.01,0.02,0.23,0.02,1814,114,1700,0.23,0.18,-4195.37,-3568.00,0.08,ingredient_flag,0.94,False,positive,retinoids
ingredient,weighted_rating,is_vitamin_c,0.01,0.00,1.42,0.15,-0.00,0.02,0.42,0.04,1814,114,1700,0.23,0.18,-4195.37,-3568.00,0.08,ingredient_flag,0.85,False,positive,vitamin_c
ingredient,weighted_rating,is_peptides,0.00,0.01,0.07,0.95,-0.01,0.01,0.39,0.00,1814,114,1700,0.23,0.18,-4195.37,-3568.00,0.08,ingredient_flag,0.95,False,positive,peptides
ingredient,weighted_rating,is_centella_asiatica,0.00,0.01,0.34,0.74,-0.01,0.02,0.32,0.01,1814,114,1700,0.23,0.18,-4195.37,-3568.00,0.08,ingredient_flag,0.94,False,positive,centella_asiatica
ingredient,weighted_rating,is_salicylic_acid,-0.02,0.01,-1.64,0.10,-0.03,0.00,0.27,-0.05,1814,114,1700,0.23,0.18,-4195.37,-3568.00,0.08,ingredient_flag,0.85,False,negative,salicylic_acid
ingredient,weighted_rating,is_panthenol,-0.00,0.01,-0.29,0.77,-0.01,0.01,0.44,-0.01,1814,114,1700,0.23,0.18,-4195.37,-3568.00,0.08,ingredient_flag,0.94,False,negative,panthenol
ingredient,weighted_rating,is_squalane,-0.00,0.01,-0.51,0.61,-0.02,0.01,0.40,-0.02,1814,114,1700,0.23,0.18,-4195.37,-3568.00,0.08,ingredient_flag,0.94,False,negative,squalane
ingredient,weighted_rating,is_aha,-0.00,0.01,-0.51,0.61,-0.01,0.01,0.33,-0.01,1814,114,1700,0.23,0.18,-4195.37,-3568.00,0.08,ingredient_flag,0.94,False,negative,aha
