model,outcome,term,coefficient,std_error_hc3,t_value,p_value,ci_95_low,ci_95_high,predictor_std,standardized_coefficient,n_obs,n_parameters,residual_df,r_squared,adjusted_r_squared,aic,bic,outcome_std,term_type,p_value_fdr_bh,significant_fdr_0_05,direction
base,weighted_rating,intercept,4.76,0.02,219.23,0.00,4.71,4.80,,,1814,96,1718,0.21,0.17,-4199.64,-3671.33,0.08,intercept,,False,positive
base,weighted_rating,log_standardized_price,-0.00,0.00,-0.31,0.75,-0.01,0.00,1.47,-0.02,1814,96,1718,0.21,0.17,-4199.64,-3671.33,0.08,numeric_control,,False,negative
base,weighted_rating,category2_Chusteczki do demakijażu,0.00,0.03,0.05,0.96,-0.05,0.06,0.11,0.00,1814,96,1718,0.21,0.17,-4199.64,-3671.33,0.08,category2_control,,False,positive
base,weighted_rating,category2_Esencje i hydrolaty do twarzy,0.02,0.02,0.98,0.33,-0.02,0.07,0.10,0.03,1814,96,1718,0.21,0.17,-4199.64,-3671.33,0.08,category2_control,,False,positive
base,weighted_rating,category2_Kosmetyki z SPF,-0.01,0.02,-0.34,0.74,-0.05,0.03,0.15,-0.01,1814,96,1718,0.21,0.17,-4199.64,-3671.33,0.08,category2_control,,False,negative
base,weighted_rating,category2_Kremy do twarzy,0.04,0.01,3.35,0.00,0.02,0.06,0.42,0.21,1814,96,1718,0.21,0.17,-4199.64,-3671.33,0.08,category2_control,,False,positive
base,weighted_rating,category2_Kremy pod oczy,0.02,0.01,1.15,0.25,-0.01,0.05,0.22,0.05,1814,96,1718,0.21,0.17,-4199.64,-3671.33,0.08,category2_control,,False,positive
base,weighted_rating,category2_Maseczki,0.03,0.01,1.92,0.06,-0.00,0.05,0.37,0.11,1814,96,1718,0.21,0.17,-4199.64,-3671.33,0.08,category2_control,,False,positive
base,weighted_rating,category2_Maseczki na usta,-0.01,0.02,-0.63,0.53,-0.06,0.03,0.11,-0.02,1814,96,1718,0.21,0.17,-4199.64,-3671.33,0.08,category2_control,,False,negative
base,weighted_rating,category2_Mleczka i emulsje do demakijażu,0.06,0.03,2.15,0.03,0.00,0.11,0.11,0.07,1814,96,1718,0.21,0.17,-4199.64,-3671.33,0.08,category2_control,,False,positive
base,weighted_rating,category2_Oleje i masełka do demakijażu,-0.02,0.02,-1.11,0.27,-0.07,0.02,0.13,-0.04,1814,96,1718,0.21,0.17,-4199.64,-3671.33,0.08,category2_control,,False,negative
base,weighted_rating,category2_Peelingi do twarzy,0.03,0.02,1.30,0.19,-0.01,0.07,0.13,0.04,1814,96,1718,0.21,0.17,-4199.64,-3671.33,0.08,category2_control,,False,positive
base,weighted_rating,category2_Peelingi do ust,0.00,0.02,0.19,0.85,-0.04,0.05,0.05,0.00,1814,96,1718,0.21,0.17,-4199.64,-3671.33,0.08,category2_control,,False,positive
base,weighted_rating,category2_Plastry i kremy do depilacji,-0.11,0.06,-1.92,0.05,-0.22,0.00,0.07,-0.10,1814,96,1718,0.21,0.17,-4199.64,-3671.33,0.08,category2_control,,False,negative
base,weighted_rating,category2_Preparaty punktowe,-0.03,0.03,-1.00,0.32,-0.08,0.03,0.15,-0.05,1814,96,1718,0.21,0.17,-4199.64,-3671.33,0.08,category2_control,,False,negative
base,weighted_rating,category2_Płatki pod oczy,0.01,0.02,0.63,0.53,-0.03,0.06,0.14,0.02,1814,96,1718,0.21,0.17,-4199.64,-3671.33,0.08,category2_control,,False,positive
base,weighted_rating,category2_Płyny do demakijażu,0.05,0.02,2.87,0.00,0.02,0.08,0.18,0.11,1814,96,1718,0.21,0.17,-4199.64,-3671.33,0.08,category2_control,,False,positive
base,weighted_rating,category2_Serum i olejki do ust,-0.00,0.01,-0.00,1.00,-0.03,0.03,0.18,-0.00,1814,96,1718,0.21,0.17,-4199.64,-3671.33,0.08,category2_control,,False,negative
base,weighted_rating,"category2_Serum, boostery i esencje",0.05,0.01,4.35,0.00,0.03,0.07,0.36,0.22,1814,96,1718,0.21,0.17,-4199.64,-3671.33,0.08,category2_control,,False,positive
base,weighted_rating,category2_Toniki do twarzy,0.04,0.02,2.85,0.00,0.01,0.07,0.21,0.11,1814,96,1718,0.21,0.17,-4199.64,-3671.33,0.08,category2_control,,False,positive
base,weighted_rating,category2_Żele i pianki do mycia twarzy,0.06,0.01,4.45,0.00,0.04,0.09,0.24,0.19,1814,96,1718,0.21,0.17,-4199.64,-3671.33,0.08,category2_control,,False,positive
base,weighted_rating,brand_ALTERRA,-0.03,0.02,-1.94,0.05,-0.06,0.00,0.15,-0.06,1814,96,1718,0.21,0.17,-4199.64,-3671.33,0.08,brand_control,,False,negative
base,weighted_rating,brand_BARONESS,0.02,0.02,1.17,0.24,-0.01,0.05,0.05,0.01,1814,96,1718,0.21,0.17,-4199.64,-3671.33,0.08,brand_control,,False,positive
base,weighted_rating,brand_BE.MEL,-0.00,0.01,-0.39,0.70,-0.03,0.02,0.05,-0.00,1814,96,1718,0.21,0.17,-4199.64,-3671.33,0.08,brand_control,,False,negative
base,weighted_rating,brand_BEAUTY OF JOSEON,0.05,0.02,3.22,0.00,0.02,0.08,0.10,0.06,1814,96,1718,0.21,0.17,-4199.64,-3671.33,0.08,brand_control,,False,positive
base,weighted_rating,brand_BEBIO COSMETICS,-0.04,0.02,-1.93,0.05,-0.09,0.00,0.09,-0.05,1814,96,1718,0.21,0.17,-4199.64,-3671.33,0.08,brand_control,,False,negative
base,weighted_rating,brand_BIELENDA,-0.02,0.01,-1.56,0.12,-0.05,0.01,0.24,-0.06,1814,96,1718,0.21,0.17,-4199.64,-3671.33,0.08,brand_control,,False,negative
base,weighted_rating,brand_BIELENDA PROFESSIONAL,0.03,0.01,2.09,0.04,0.00,0.05,0.13,0.04,1814,96,1718,0.21,0.17,-4199.64,-3671.33,0.08,brand_control,,False,positive
base,weighted_rating,brand_BIODANCE,0.03,0.02,1.43,0.15,-0.01,0.06,0.06,0.02,1814,96,1718,0.21,0.17,-4199.64,-3671.33,0.08,brand_control,,False,positive
base,weighted_rating,brand_BIOTANIQE,-0.00,0.02,-0.16,0.88,-0.04,0.04,0.14,-0.01,1814,96,1718,0.21,0.17,-4199.64,-3671.33,0.08,brand_control,,False,negative
base,weighted_rating,brand_BLISTEX,0.06,0.04,1.66,0.10,-0.01,0.14,0.06,0.04,1814,96,1718,0.21,0.17,-4199.64,-3671.33,0.08,brand_control,,False,positive
base,weighted_rating,brand_CARMEX,0.10,0.02,5.03,0.00,0.06,0.13,0.08,0.09,1814,96,1718,0.21,0.17,-4199.64,-3671.33,0.08,brand_control,,False,positive
base,weighted_rating,brand_CATCH A TIGER,-0.05,0.06,-0.84,0.40,-0.16,0.06,0.06,-0.04,1814,96,1718,0.21,0.17,-4199.64,-3671.33,0.08,brand_control,,False,negative
base,weighted_rating,brand_CHRISTIAN LAURENT,0.05,0.01,3.68,0.00,0.02,0.08,0.12,0.07,1814,96,1718,0.21,0.17,-4199.64,-3671.33,0.08,brand_control,,False,positive
base,weighted_rating,brand_CLAYLY,-0.00,0.02,-0.04,0.97,-0.03,0.03,0.05,-0.00,1814,96,1718,0.21,0.17,-4199.64,-3671.33,0.08,brand_control,,False,negative
base,weighted_rating,brand_CLOUD111,-0.05,0.04,-1.27,0.20,-0.14,0.03,0.06,-0.04,1814,96,1718,0.21,0.17,-4199.64,-3671.33,0.08,brand_control,,False,negative
base,weighted_rating,brand_COSRX,0.04,0.02,2.19,0.03,0.00,0.07,0.10,0.05,1814,96,1718,0.21,0.17,-4199.64,-3671.33,0.08,brand_control,,False,positive
base,weighted_rating,brand_DERMIKA,0.02,0.01,1.67,0.09,-0.00,0.05,0.15,0.04,1814,96,1718,0.21,0.17,-4199.64,-3671.33,0.08,brand_control,,False,positive
base,weighted_rating,brand_E.L.F.,0.04,0.02,2.59,0.01,0.01,0.07,0.11,0.05,1814,96,1718,0.21,0.17,-4199.64,-3671.33,0.08,brand_control,,False,positive
base,weighted_rating,brand_EFEKTIMA,0.02,0.02,1.04,0.30,-0.01,0.05,0.08,0.02,1814,96,1718,0.21,0.17,-4199.64,-3671.33,0.08,brand_control,,False,positive
base,weighted_rating,brand_ERNE,-0.13,0.04,-3.04,0.00,-0.21,-0.05,0.09,-0.14,1814,96,1718,0.21,0.17,-4199.64,-3671.33,0.08,brand_control,,False,negative
base,weighted_rating,brand_ESFOLIO,0.03,0.02,2.07,0.04,0.00,0.06,0.10,0.04,1814,96,1718,0.21,0.17,-4199.64,-3671.33,0.08,brand_control,,False,positive
base,weighted_rating,brand_ESSENCE,0.03,0.02,1.81,0.07,-0.00,0.07,0.05,0.02,1814,96,1718,0.21,0.17,-4199.64,-3671.33,0.08,brand_control,,False,positive
base,weighted_rating,brand_EVELINE COSMETICS,0.01,0.01,0.41,0.68,-0.02,0.03,0.20,0.01,1814,96,1718,0.21,0.17,-4199.64,-3671.33,0.08,brand_control,,False,positive
base,weighted_rating,brand_EVELINE PRESTIGE,0.03,0.02,1.41,0.16,-0.01,0.06,0.05,0.02,1814,96,1718,0.21,0.17,-4199.64,-3671.33,0.08,brand_control,,False,positive
base,weighted_rating,brand_FLOSLEK LABORATORIUM,0.01,0.01,0.88,0.38,-0.01,0.03,0.07,0.01,1814,96,1718,0.21,0.17,-4199.64,-3671.33,0.08,brand_control,,False,positive
base,weighted_rating,brand_FLUFF,-0.03,0.02,-1.24,0.22,-0.08,0.02,0.10,-0.04,1814,96,1718,0.21,0.17,-4199.64,-3671.33,0.08,brand_control,,False,negative
base,weighted_rating,brand_GARNIER,-0.00,0.01,-0.04,0.97,-0.03,0.03,0.15,-0.00,1814,96,1718,0.21,0.17,-4199.64,-3671.33,0.08,brand_control,,False,negative
base,weighted_rating,brand_HADA LABO TOKYO,0.03,0.03,1.13,0.26,-0.03,0.09,0.07,0.03,1814,96,1718,0.21,0.17,-4199.64,-3671.33,0.08,brand_control,,False,positive
base,weighted_rating,brand_HAGI,0.02,0.01,1.28,0.20,-0.01,0.04,0.07,0.01,1814,96,1718,0.21,0.17,-4199.64,-3671.33,0.08,brand_control,,False,positive
base,weighted_rating,brand_HOLIKA HOLIKA,0.03,0.01,2.60,0.01,0.01,0.06,0.07,0.03,1814,96,1718,0.21,0.17,-4199.64,-3671.33,0.08,brand_control,,False,positive
base,weighted_rating,brand_ISANA,-0.03,0.01,-2.52,0.01,-0.06,-0.01,0.26,-0.11,1814,96,1718,0.21,0.17,-4199.64,-3671.33,0.08,brand_control,,False,negative
base,weighted_rating,brand_IWOSTIN,0.01,0.01,0.98,0.33,-0.01,0.04,0.07,0.01,1814,96,1718,0.21,0.17,-4199.64,-3671.33,0.08,brand_control,,False,positive
base,weighted_rating,brand_JANDA,0.05,0.01,3.35,0.00,0.02,0.08,0.10,0.06,1814,96,1718,0.21,0.17,-4199.64,-3671.33,0.08,brand_control,,False,positive
base,weighted_rating,brand_KIMOCO,0.02,0.02,1.18,0.24,-0.01,0.06,0.14,0.04,1814,96,1718,0.21,0.17,-4199.64,-3671.33,0.08,brand_control,,False,positive
base,weighted_rating,brand_KLOO,-0.06,0.03,-2.05,0.04,-0.11,-0.00,0.08,-0.06,1814,96,1718,0.21,0.17,-4199.64,-3671.33,0.08,brand_control,,False,negative
base,weighted_rating,brand_L'ORÉAL PARIS,0.02,0.02,1.41,0.16,-0.01,0.05,0.17,0.04,1814,96,1718,0.21,0.17,-4199.64,-3671.33,0.08,brand_control,,False,positive
base,weighted_rating,brand_LIP SMACKER,-0.01,0.04,-0.27,0.79,-0.10,0.08,0.07,-0.01,1814,96,1718,0.21,0.17,-4199.64,-3671.33,0.08,brand_control,,False,negative
base,weighted_rating,brand_LIRENE,-0.01,0.02,-0.25,0.80,-0.06,0.04,0.08,-0.01,1814,96,1718,0.21,0.17,-4199.64,-3671.33,0.08,brand_control,,False,negative
base,weighted_rating,brand_LOVELY,0.02,0.02,1.14,0.26,-0.02,0.06,0.09,0.02,1814,96,1718,0.21,0.17,-4199.64,-3671.33,0.08,brand_control,,False,positive
base,weighted_rating,brand_MANUFAKTURA PIĘKNA,0.01,0.02,0.53,0.60,-0.02,0.04,0.09,0.01,1814,96,1718,0.21,0.17,-4199.64,-3671.33,0.08,brand_control,,False,positive
base,weighted_rating,brand_MAX FACTOR,-0.03,0.03,-1.10,0.27,-0.09,0.03,0.05,-0.02,1814,96,1718,0.21,0.17,-4199.64,-3671.33,0.08,brand_control,,False,negative
base,weighted_rating,brand_MAYBELLINE NEW YORK,0.02,0.05,0.42,0.67,-0.07,0.11,0.05,0.01,1814,96,1718,0.21,0.17,-4199.64,-3671.33,0.08,brand_control,,False,positive
base,weighted_rating,brand_MEDIHEAL,0.05,0.01,3.79,0.00,0.02,0.08,0.11,0.07,1814,96,1718,0.21,0.17,-4199.64,-3671.33,0.08,brand_control,,False,positive
base,weighted_rating,brand_MISSHA,0.01,0.02,0.62,0.53,-0.03,0.06,0.07,0.01,1814,96,1718,0.21,0.17,-4199.64,-3671.33,0.08,brand_control,,False,positive
base,weighted_rating,brand_MIXA,0.04,0.02,2.18,0.03,0.00,0.07,0.11,0.05,1814,96,1718,0.21,0.17,-4199.64,-3671.33,0.08,brand_control,,False,positive
base,weighted_rating,brand_MIYA COSMETICS,-0.00,0.02,-0.23,0.82,-0.03,0.03,0.16,-0.01,1814,96,1718,0.21,0.17,-4199.64,-3671.33,0.08,brand_control,,False,negative
base,weighted_rating,brand_MOKOSH COSMETICS,0.02,0.02,0.91,0.37,-0.02,0.06,0.06,0.01,1814,96,1718,0.21,0.17,-4199.64,-3671.33,0.08,brand_control,,False,positive
base,weighted_rating,brand_NAM,0.02,0.03,0.65,0.52,-0.04,0.08,0.07,0.02,1814,96,1718,0.21,0.17,-4199.64,-3671.33,0.08,brand_control,,False,positive
base,weighted_rating,brand_NATURALME,-0.01,0.02,-0.59,0.56,-0.05,0.03,0.08,-0.01,1814,96,1718,0.21,0.17,-4199.64,-3671.33,0.08,brand_control,,False,negative
base,weighted_rating,brand_NIVEA,0.03,0.01,2.31,0.02,0.00,0.05,0.21,0.07,1814,96,1718,0.21,0.17,-4199.64,-3671.33,0.08,brand_control,,False,positive
base,weighted_rating,brand_PERFECTA,0.01,0.01,0.74,0.46,-0.02,0.04,0.14,0.02,1814,96,1718,0.21,0.17,-4199.64,-3671.33,0.08,brand_control,,False,positive
base,weighted_rating,brand_PURITO,-0.02,0.03,-0.72,0.47,-0.08,0.04,0.06,-0.02,1814,96,1718,0.21,0.17,-4199.64,-3671.33,0.08,brand_control,,False,negative
base,weighted_rating,brand_QURET,0.02,0.03,0.72,0.47,-0.04,0.08,0.06,0.02,1814,96,1718,0.21,0.17,-4199.64,-3671.33,0.08,brand_control,,False,positive
base,weighted_rating,brand_RESIBO,-0.02,0.03,-0.65,0.51,-0.07,0.04,0.08,-0.02,1814,96,1718,0.21,0.17,-4199.64,-3671.33,0.08,brand_control,,False,negative
base,weighted_rating,brand_ROUND LAB,-0.01,0.03,-0.47,0.64,-0.08,0.05,0.06,-0.01,1814,96,1718,0.21,0.17,-4199.64,-3671.33,0.08,brand_control,,False,negative
base,weighted_rating,brand_ROUTINES BY ALKMIE,-0.05,0.03,-1.76,0.08,-0.11,0.01,0.10,-0.06,1814,96,1718,0.21,0.17,-4199.64,-3671.33,0.08,brand_control,,False,negative
base,weighted_rating,brand_SELFIE PROJECT,-0.01,0.02,-0.66,0.51,-0.05,0.03,0.13,-0.02,1814,96,1718,0.21,0.17,-4199.64,-3671.33,0.08,brand_control,,False,negative
base,weighted_rating,brand_SKIN1004,0.03,0.01,1.83,0.07,-0.00,0.05,0.12,0.04,1814,96,1718,0.21,0.17,-4199.64,-3671.33,0.08,brand_control,,False,positive
base,weighted_rating,brand_SKIN627,-0.01,0.03,-0.44,0.66,-0.07,0.05,0.06,-0.01,1814,96,1718,0.21,0.17,-4199.64,-3671.33,0.08,brand_control,,False,negative
base,weighted_rating,brand_SOME BY MI,0.01,0.01,0.83,0.41,-0.02,0.04,0.06,0.01,1814,96,1718,0.21,0.17,-4199.64,-3671.33,0.08,brand_control,,False,positive
base,weighted_rating,brand_SORAYA,0.01,0.02,0.38,0.71,-0.03,0.05,0.07,0.01,1814,96,1718,0.21,0.17,-4199.64,-3671.33,0.08,brand_control,,False,positive
base,weighted_rating,brand_TIRTIR,-0.00,0.02,-0.24,0.81,-0.04,0.03,0.06,-0.00,1814,96,1718,0.21,0.17,-4199.64,-3671.33,0.08,brand_control,,False,negative
base,weighted_rating,brand_TOŁPA,-0.00,0.01,-0.31,0.76,-0.03,0.02,0.18,-0.01,1814,96,1718,0.21,0.17,-4199.64,-3671.33,0.08,brand_control,,False,negative
base,weighted_rating,brand_TULI LABS,0.04,0.02,2.68,0.01,0.01,0.08,0.07,0.04,1814,96,1718,0.21,0.17,-4199.64,-3671.33,0.08,brand_control,,False,positive
base,weighted_rating,brand_UZDROVISCO,0.01,0.02,0.39,0.69,-0.03,0.04,0.10,0.01,1814,96,1718,0.21,0.17,-4199.64,-3671.33,0.08,brand_control,,False,positive
base,weighted_rating,brand_VASELINE,0.05,0.02,2.23,0.03,0.01,0.09,0.06,0.04,1814,96,1718,0.21,0.17,-4199.64,-3671.33,0.08,brand_control,,False,positive
base,weighted_rating,brand_VEOLI BOTANICA,-0.01,0.03,-0.33,0.74,-0.06,0.04,0.08,-0.01,1814,96,1718,0.21,0.17,-4199.64,-3671.33,0.08,brand_control,,False,negative
base,weighted_rating,brand_VITAMIN E,-0.00,0.02,-0.09,0.93,-0.05,0.05,0.06,-0.00,1814,96,1718,0.21,0.17,-4199.64,-3671.33,0.08,brand_control,,False,negative
base,weighted_rating,brand_VT COSMETICS,-0.00,0.02,-0.08,0.94,-0.04,0.03,0.06,-0.00,1814,96,1718,0.21,0.17,-4199.64,-3671.33,0.08,brand_control,,False,negative
base,weighted_rating,brand_WIBO,-0.00,0.06,-0.05,0.96,-0.13,0.12,0.05,-0.00,1814,96,1718,0.21,0.17,-4199.64,-3671.33,0.08,brand_control,,False,negative
base,weighted_rating,brand_YOPE,-0.01,0.03,-0.39,0.70,-0.08,0.05,0.09,-0.01,1814,96,1718,0.21,0.17,-4199.64,-3671.33,0.08,brand_control,,False,negative
base,weighted_rating,brand_YOSKINE,0.02,0.01,1.43,0.15,-0.01,0.05,0.11,0.03,1814,96,1718,0.21,0.17,-4199.64,-3671.33,0.08,brand_control,,False,positive
base,weighted_rating,brand_YOUR KAYA,-0.04,0.03,-1.13,0.26,-0.10,0.03,0.09,-0.04,1814,96,1718,0.21,0.17,-4199.64,-3671.33,0.08,brand_control,,False,negative
base,weighted_rating,brand_ZIAJA,0.04,0.01,3.29,0.00,0.02,0.06,0.17,0.08,1814,96,1718,0.21,0.17,-4199.64,-3671.33,0.08,brand_control,,False,positive
base,weighted_rating,brand___rare__,0.00,0.01,0.05,0.96,-0.02,0.02,0.31,0.00,1814,96,1718,0.21,0.17,-4199.64,-3671.33,0.08,brand_control,,False,positive
formula,weighted_rating,intercept,4.76,0.03,180.90,0.00,4.71,4.81,,,1814,103,1711,0.22,0.18,-4209.27,-3642.43,0.08,intercept,,False,positive
formula,weighted_rating,log_standardized_price,0.00,0.00,0.05,0.96,-0.01,0.01,1.47,0.00,1814,103,1711,0.22,0.18,-4209.27,-3642.43,0.08,numeric_control,,False,positive
formula,weighted_rating,ingredients_count,0.00,0.00,0.24,0.81,-0.00,0.00,14.01,0.01,1814,103,1711,0.22,0.18,-4209.27,-3642.43,0.08,numeric_control,,False,positive
formula,weighted_rating,active_share,-0.00,0.00,-1.10,0.27,-0.00,0.00,14.48,-0.04,1814,103,1711,0.22,0.18,-4209.27,-3642.43,0.08,numeric_control,,False,negative
formula,weighted_rating,fragrance_allergen_count,-0.00,0.00,-0.33,0.74,-0.00,0.00,3.16,-0.01,1814,103,1711,0.22,0.18,-4209.27,-3642.43,0.08,numeric_control,,False,negative
formula,weighted_rating,preservative_count,0.00,0.00,0.58,0.56,-0.00,0.00,1.35,0.02,1814,103,1711,0.22,0.18,-4209.27,-3642.43,0.08,numeric_control,,False,positive
formula,weighted_rating,drying_alcohol_count,-0.01,0.01,-1.62,0.11,-0.03,0.00,0.30,-0.05,1814,103,1711,0.22,0.18,-4209.27,-3642.43,0.08,numeric_control,,False,negative
formula,weighted_rating,is_parfum,0.02,0.01,3.12,0.00,0.01,0.03,0.47,0.11,1814,103,1711,0.22,0.18,-4209.27,-3642.43,0.08,numeric_control,,False,positive
formula,weighted_rating,is_colorant,-0.01,0.00,-1.61,0.11,-0.02,0.00,0.47,-0.05,1814,103,1711,0.22,0.18,-4209.27,-3642.43,0.08,numeric_control,,False,negative
formula,weighted_rating,category2_Chusteczki do demakijażu,-0.01,0.03,-0.42,0.68,-0.07,0.04,0.11,-0.02,1814,103,1711,0.22,0.18,-4209.27,-3642.43,0.08,category2_control,,False,negative
formula,weighted_rating,category2_Esencje i hydrolaty do twarzy,0.02,0.03,0.65,0.51,-0.03,0.07,0.10,0.02,1814,103,1711,0.22,0.18,-4209.27,-3642.43,0.08,category2_control,,False,positive
formula,weighted_rating,category2_Kosmetyki z SPF,-0.01,0.02,-0.61,0.54,-0.05,0.03,0.15,-0.02,1814,103,1711,0.22,0.18,-4209.27,-3642.43,0.08,category2_control,,False,negative
formula,weighted_rating,category2_Kremy do twarzy,0.03,0.01,2.37,0.02,0.01,0.06,0.42,0.16,1814,103,1711,0.22,0.18,-4209.27,-3642.43,0.08,category2_control,,False,positive
formula,weighted_rating,category2_Kremy pod oczy,0.02,0.02,1.15,0.25,-0.01,0.05,0.22,0.05,1814,103,1711,0.22,0.18,-4209.27,-3642.43,0.08,category2_control,,False,positive
formula,weighted_rating,category2_Maseczki,0.02,0.01,1.31,0.19,-0.01,0.05,0.37,0.08,1814,103,1711,0.22,0.18,-4209.27,-3642.43,0.08,category2_control,,False,positive
formula,weighted_rating,category2_Maseczki na usta,-0.02,0.02,-0.75,0.45,-0.06,0.03,0.11,-0.02,1814,103,1711,0.22,0.18,-4209.27,-3642.43,0.08,category2_control,,False,negative
formula,weighted_rating,category2_Mleczka i emulsje do demakijażu,0.05,0.03,1.86,0.06,-0.00,0.10,0.11,0.07,1814,103,1711,0.22,0.18,-4209.27,-3642.43,0.08,category2_control,,False,positive
formula,weighted_rating,category2_Oleje i masełka do demakijażu,-0.03,0.02,-1.28,0.20,-0.07,0.01,0.13,-0.05,1814,103,1711,0.22,0.18,-4209.27,-3642.43,0.08,category2_control,,False,negative
formula,weighted_rating,category2_Peelingi do twarzy,0.02,0.02,1.05,0.29,-0.02,0.06,0.13,0.04,1814,103,1711,0.22,0.18,-4209.27,-3642.43,0.08,category2_control,,False,positive
formula,weighted_rating,category2_Peelingi do ust,0.01,0.03,0.40,0.69,-0.04,0.06,0.05,0.01,1814,103,1711,0.22,0.18,-4209.27,-3642.43,0.08,category2_control,,False,positive
formula,weighted_rating,category2_Plastry i kremy do depilacji,-0.12,0.06,-2.10,0.04,-0.23,-0.01,0.07,-0.11,1814,103,1711,0.22,0.18,-4209.27,-3642.43,0.08,category2_control,,False,negative
formula,weighted_rating,category2_Preparaty punktowe,-0.02,0.03,-0.86,0.39,-0.08,0.03,0.15,-0.04,1814,103,1711,0.22,0.18,-4209.27,-3642.43,0.08,category2_control,,False,negative
formula,weighted_rating,category2_Płatki pod oczy,0.02,0.02,0.91,0.36,-0.02,0.06,0.14,0.03,1814,103,1711,0.22,0.18,-4209.27,-3642.43,0.08,category2_control,,False,positive
formula,weighted_rating,category2_Płyny do demakijażu,0.05,0.02,2.60,0.01,0.01,0.08,0.18,0.11,1814,103,1711,0.22,0.18,-4209.27,-3642.43,0.08,category2_control,,False,positive
formula,weighted_rating,category2_Serum i olejki do ust,-0.01,0.01,-0.39,0.69,-0.03,0.02,0.18,-0.01,1814,103,1711,0.22,0.18,-4209.27,-3642.43,0.08,category2_control,,False,negative
formula,weighted_rating,"category2_Serum, boostery i esencje",0.04,0.01,3.48,0.00,0.02,0.07,0.36,0.19,1814,103,1711,0.22,0.18,-4209.27,-3642.43,0.08,category2_control,,False,positive
formula,weighted_rating,category2_Toniki do twarzy,0.04,0.02,2.35,0.02,0.01,0.07,0.21,0.09,1814,103,1711,0.22,0.18,-4209.27,-3642.43,0.08,category2_control,,False,positive
formula,weighted_rating,category2_Żele i pianki do mycia twarzy,0.06,0.02,3.64,0.00,0.03,0.09,0.24,0.17,1814,103,1711,0.22,0.18,-4209.27,-3642.43,0.08,category2_control,,False,positive
formula,weighted_rating,brand_ALTERRA,-0.02,0.02,-1.47,0.14,-0.06,0.01,0.15,-0.05,1814,103,1711,0.22,0.18,-4209.27,-3642.43,0.08,brand_control,,False,negative
formula,weighted_rating,brand_BARONESS,0.02,0.02,1.16,0.25,-0.02,0.06,0.05,0.01,1814,103,1711,0.22,0.18,-4209.27,-3642.43,0.08,brand_control,,False,positive
formula,weighted_rating,brand_BE.MEL,-0.01,0.01,-1.10,0.27,-0.04,0.01,0.05,-0.01,1814,103,1711,0.22,0.18,-4209.27,-3642.43,0.08,brand_control,,False,negative
formula,weighted_rating,brand_BEAUTY OF JOSEON,0.06,0.02,3.80,0.00,0.03,0.09,0.10,0.07,1814,103,1711,0.22,0.18,-4209.27,-3642.43,0.08,brand_control,,False,positive
formula,weighted_rating,brand_BEBIO COSMETICS,-0.05,0.02,-2.25,0.02,-0.10,-0.01,0.09,-0.06,1814,103,1711,0.22,0.18,-4209.27,-3642.43,0.08,brand_control,,False,negative
formula,weighted_rating,brand_BIELENDA,-0.02,0.01,-1.67,0.09,-0.05,0.00,0.24,-0.07,1814,103,1711,0.22,0.18,-4209.27,-3642.43,0.08,brand_control,,False,negative
formula,weighted_rating,brand_BIELENDA PROFESSIONAL,0.03,0.01,1.79,0.07,-0.00,0.05,0.13,0.04,1814,103,1711,0.22,0.18,-4209.27,-3642.43,0.08,brand_control,,False,positive
formula,weighted_rating,brand_BIODANCE,0.04,0.02,2.05,0.04,0.00,0.08,0.06,0.03,1814,103,1711,0.22,0.18,-4209.27,-3642.43,0.08,brand_control,,False,positive
formula,weighted_rating,brand_BIOTANIQE,-0.00,0.02,-0.19,0.85,-0.04,0.04,0.14,-0.01,1814,103,1711,0.22,0.18,-4209.27,-3642.43,0.08,brand_control,,False,negative
formula,weighted_rating,brand_BLISTEX,0.07,0.04,1.70,0.09,-0.01,0.14,0.06,0.05,1814,103,1711,0.22,0.18,-4209.27,-3642.43,0.08,brand_control,,False,positive
formula,weighted_rating,brand_CARMEX,0.09,0.02,4.78,0.00,0.06,0.13,0.08,0.09,1814,103,1711,0.22,0.18,-4209.27,-3642.43,0.08,brand_control,,False,positive
formula,weighted_rating,brand_CATCH A TIGER,-0.06,0.06,-0.99,0.32,-0.16,0.05,0.06,-0.04,1814,103,1711,0.22,0.18,-4209.27,-3642.43,0.08,brand_control,,False,negative
formula,weighted_rating,brand_CHRISTIAN LAURENT,0.04,0.01,3.04,0.00,0.02,0.07,0.12,0.07,1814,103,1711,0.22,0.18,-4209.27,-3642.43,0.08,brand_control,,False,positive
formula,weighted_rating,brand_CLAYLY,-0.00,0.02,-0.26,0.80,-0.04,0.03,0.05,-0.00,1814,103,1711,0.22,0.18,-4209.27,-3642.43,0.08,brand_control,,False,negative
formula,weighted_rating,brand_CLOUD111,-0.06,0.04,-1.35,0.18,-0.14,0.03,0.06,-0.04,1814,103,1711,0.22,0.18,-4209.27,-3642.43,0.08,brand_control,,False,negative
formula,weighted_rating,brand_COSRX,0.05,0.02,2.53,0.01,0.01,0.08,0.10,0.06,1814,103,1711,0.22,0.18,-4209.27,-3642.43,0.08,brand_control,,False,positive
formula,weighted_rating,brand_DERMIKA,0.02,0.01,1.22,0.22,-0.01,0.04,0.15,0.03,1814,103,1711,0.22,0.18,-4209.27,-3642.43,0.08,brand_control,,False,positive
formula,weighted_rating,brand_E.L.F.,0.03,0.02,2.06,0.04,0.00,0.07,0.11,0.04,1814,103,1711,0.22,0.18,-4209.27,-3642.43,0.08,brand_control,,False,positive
formula,weighted_rating,brand_EFEKTIMA,0.01,0.02,0.64,0.52,-0.02,0.04,0.08,0.01,1814,103,1711,0.22,0.18,-4209.27,-3642.43,0.08,brand_control,,False,positive
formula,weighted_rating,brand_ERNE,-0.12,0.04,-2.88,0.00,-0.20,-0.04,0.09,-0.13,1814,103,1711,0.22,0.18,-4209.27,-3642.43,0.08,brand_control,,False,negative
formula,weighted_rating,brand_ESFOLIO,0.03,0.02,1.80,0.07,-0.00,0.07,0.10,0.04,1814,103,1711,0.22,0.18,-4209.27,-3642.43,0.08,brand_control,,False,positive
formula,weighted_rating,brand_ESSENCE,0.03,0.02,1.79,0.07,-0.00,0.07,0.05,0.02,1814,103,1711,0.22,0.18,-4209.27,-3642.43,0.08,brand_control,,False,positive
formula,weighted_rating,brand_EVELINE COSMETICS,-0.00,0.01,-0.07,0.95,-0.03,0.03,0.20,-0.00,1814,103,1711,0.22,0.18,-4209.27,-3642.43,0.08,brand_control,,False,negative
formula,weighted_rating,brand_EVELINE PRESTIGE,0.01,0.02,0.80,0.43,-0.02,0.05,0.05,0.01,1814,103,1711,0.22,0.18,-4209.27,-3642.43,0.08,brand_control,,False,positive
formula,weighted_rating,brand_FLOSLEK LABORATORIUM,0.00,0.01,0.34,0.74,-0.02,0.03,0.07,0.00,1814,103,1711,0.22,0.18,-4209.27,-3642.43,0.08,brand_control,,False,positive
formula,weighted_rating,brand_FLUFF,-0.04,0.02,-1.51,0.13,-0.09,0.01,0.10,-0.04,1814,103,1711,0.22,0.18,-4209.27,-3642.43,0.08,brand_control,,False,negative
formula,weighted_rating,brand_GARNIER,-0.00,0.01,-0.24,0.81,-0.03,0.02,0.15,-0.01,1814,103,1711,0.22,0.18,-4209.27,-3642.43,0.08,brand_control,,False,negative
formula,weighted_rating,brand_HADA LABO TOKYO,0.05,0.03,1.47,0.14,-0.02,0.11,0.07,0.04,1814,103,1711,0.22,0.18,-4209.27,-3642.43,0.08,brand_control,,False,positive
formula,weighted_rating,brand_HAGI,0.02,0.01,1.13,0.26,-0.01,0.04,0.07,0.01,1814,103,1711,0.22,0.18,-4209.27,-3642.43,0.08,brand_control,,False,positive
formula,weighted_rating,brand_HOLIKA HOLIKA,0.04,0.01,2.95,0.00,0.01,0.07,0.07,0.03,1814,103,1711,0.22,0.18,-4209.27,-3642.43,0.08,brand_control,,False,positive
formula,weighted_rating,brand_ISANA,-0.03,0.01,-2.38,0.02,-0.06,-0.01,0.26,-0.10,1814,103,1711,0.22,0.18,-4209.27,-3642.43,0.08,brand_control,,False,negative
formula,weighted_rating,brand_IWOSTIN,0.01,0.02,0.70,0.49,-0.02,0.04,0.07,0.01,1814,103,1711,0.22,0.18,-4209.27,-3642.43,0.08,brand_control,,False,positive
formula,weighted_rating,brand_JANDA,0.04,0.02,2.62,0.01,0.01,0.07,0.10,0.05,1814,103,1711,0.22,0.18,-4209.27,-3642.43,0.08,brand_control,,False,positive
formula,weighted_rating,brand_KIMOCO,0.02,0.02,0.87,0.39,-0.02,0.05,0.14,0.03,1814,103,1711,0.22,0.18,-4209.27,-3642.43,0.08,brand_control,,False,positive
formula,weighted_rating,brand_KLOO,-0.06,0.03,-2.30,0.02,-0.12,-0.01,0.08,-0.07,1814,103,1711,0.22,0.18,-4209.27,-3642.43,0.08,brand_control,,False,negative
formula,weighted_rating,brand_L'ORÉAL PARIS,0.02,0.02,1.35,0.18,-0.01,0.05,0.17,0.04,1814,103,1711,0.22,0.18,-4209.27,-3642.43,0.08,brand_control,,False,positive
formula,weighted_rating,brand_LIP SMACKER,-0.00,0.04,-0.04,0.97,-0.09,0.09,0.07,-0.00,1814,103,1711,0.22,0.18,-4209.27,-3642.43,0.08,brand_control,,False,negative
formula,weighted_rating,brand_LIRENE,-0.01,0.03,-0.53,0.60,-0.07,0.04,0.08,-0.01,1814,103,1711,0.22,0.18,-4209.27,-3642.43,0.08,brand_control,,False,negative
formula,weighted_rating,brand_LOVELY,0.01,0.02,0.59,0.56,-0.03,0.05,0.09,0.01,1814,103,1711,0.22,0.18,-4209.27,-3642.43,0.08,brand_control,,False,positive
formula,weighted_rating,brand_MANUFAKTURA PIĘKNA,0.02,0.02,0.97,0.33,-0.02,0.06,0.09,0.02,1814,103,1711,0.22,0.18,-4209.27,-3642.43,0.08,brand_control,,False,positive
formula,weighted_rating,brand_MAX FACTOR,-0.04,0.03,-1.42,0.16,-0.10,0.02,0.05,-0.03,1814,103,1711,0.22,0.18,-4209.27,-3642.43,0.08,brand_control,,False,negative
formula,weighted_rating,brand_MAYBELLINE NEW YORK,0.01,0.05,0.12,0.90,-0.09,0.10,0.05,0.00,1814,103,1711,0.22,0.18,-4209.27,-3642.43,0.08,brand_control,,False,positive
formula,weighted_rating,brand_MEDIHEAL,0.06,0.01,4.21,0.00,0.03,0.09,0.11,0.08,1814,103,1711,0.22,0.18,-4209.27,-3642.43,0.08,brand_control,,False,positive
formula,weighted_rating,brand_MISSHA,0.02,0.02,1.04,0.30,-0.02,0.07,0.07,0.02,1814,103,1711,0.22,0.18,-4209.27,-3642.43,0.08,brand_control,,False,positive
formula,weighted_rating,brand_MIXA,0.04,0.02,2.29,0.02,0.01,0.08,0.11,0.05,1814,103,1711,0.22,0.18,-4209.27,-3642.43,0.08,brand_control,,False,positive
formula,weighted_rating,brand_MIYA COSMETICS,-0.01,0.02,-0.60,0.55,-0.04,0.02,0.16,-0.02,1814,103,1711,0.22,0.18,-4209.27,-3642.43,0.08,brand_control,,False,negative
formula,weighted_rating,brand_MOKOSH COSMETICS,0.01,0.02,0.41,0.68,-0.03,0.05,0.06,0.01,1814,103,1711,0.22,0.18,-4209.27,-3642.43,0.08,brand_control,,False,positive
formula,weighted_rating,brand_NAM,0.01,0.03,0.34,0.73,-0.05,0.07,0.07,0.01,1814,103,1711,0.22,0.18,-4209.27,-3642.43,0.08,brand_control,,False,positive
formula,weighted_rating,brand_NATURALME,-0.01,0.02,-0.55,0.58,-0.05,0.03,0.08,-0.01,1814,103,1711,0.22,0.18,-4209.27,-3642.43,0.08,brand_control,,False,negative
formula,weighted_rating,brand_NIVEA,0.03,0.01,2.38,0.02,0.01,0.06,0.21,0.08,1814,103,1711,0.22,0.18,-4209.27,-3642.43,0.08,brand_control,,False,positive
formula,weighted_rating,brand_PERFECTA,0.01,0.01,0.42,0.68,-0.02,0.03,0.14,0.01,1814,103,1711,0.22,0.18,-4209.27,-3642.43,0.08,brand_control,,False,positive
formula,weighted_rating,brand_PURITO,-0.01,0.03,-0.37,0.71,-0.07,0.05,0.06,-0.01,1814,103,1711,0.22,0.18,-4209.27,-3642.43,0.08,brand_control,,False,negative
formula,weighted_rating,brand_QURET,0.02,0.03,0.57,0.57,-0.05,0.09,0.06,0.01,1814,103,1711,0.22,0.18,-4209.27,-3642.43,0.08,brand_control,,False,positive
formula,weighted_rating,brand_RESIBO,-0.03,0.03,-0.94,0.35,-0.08,0.03,0.08,-0.02,1814,103,1711,0.22,0.18,-4209.27,-3642.43,0.08,brand_control,,False,negative
formula,weighted_rating,brand_ROUND LAB,-0.00,0.03,-0.10,0.92,-0.06,0.06,0.06,-0.00,1814,103,1711,0.22,0.18,-4209.27,-3642.43,0.08,brand_control,,False,negative
formula,weighted_rating,brand_ROUTINES BY ALKMIE,-0.06,0.03,-1.97,0.05,-0.11,-0.00,0.10,-0.07,1814,103,1711,0.22,0.18,-4209.27,-3642.43,0.08,brand_control,,False,negative
formula,weighted_rating,brand_SELFIE PROJECT,-0.02,0.02,-0.73,0.47,-0.06,0.03,0.13,-0.03,1814,103,1711,0.22,0.18,-4209.27,-3642.43,0.08,brand_control,,False,negative
formula,weighted_rating,brand_SKIN1004,0.04,0.01,2.42,0.02,0.01,0.06,0.12,0.05,1814,103,1711,0.22,0.18,-4209.27,-3642.43,0.08,brand_control,,False,positive
formula,weighted_rating,brand_SKIN627,-0.01,0.03,-0.28,0.78,-0.07,0.05,0.06,-0.01,1814,103,1711,0.22,0.18,-4209.27,-3642.43,0.08,brand_control,,False,negative
formula,weighted_rating,brand_SOME BY MI,0.02,0.02,1.27,0.20,-0.01,0.05,0.06,0.02,1814,103,1711,0.22,0.18,-4209.27,-3642.43,0.08,brand_control,,False,positive
formula,weighted_rating,brand_SORAYA,0.00,0.02,0.00,1.00,-0.04,0.04,0.07,0.00,1814,103,1711,0.22,0.18,-4209.27,-3642.43,0.08,brand_control,,False,positive
formula,weighted_rating,brand_TIRTIR,0.00,0.02,0.21,0.83,-0.03,0.04,0.06,0.00,1814,103,1711,0.22,0.18,-4209.27,-3642.43,0.08,brand_control,,False,positive
formula,weighted_rating,brand_TOŁPA,-0.01,0.01,-0.76,0.45,-0.04,0.02,0.18,-0.02,1814,103,1711,0.22,0.18,-4209.27,-3642.43,0.08,brand_control,,False,negative
formula,weighted_rating,brand_TULI LABS,0.03,0.02,1.93,0.05,-0.00,0.07,0.07,0.03,1814,103,1711,0.22,0.18,-4209.27,-3642.43,0.08,brand_control,,False,positive
formula,weighted_rating,brand_UZDROVISCO,0.00,0.02,0.11,0.91,-0.03,0.04,0.10,0.00,1814,103,1711,0.22,0.18,-4209.27,-3642.43,0.08,brand_control,,False,positive
formula,weighted_rating,brand_VASELINE,0.04,0.02,1.82,0.07,-0.00,0.09,0.06,0.03,1814,103,1711,0.22,0.18,-4209.27,-3642.43,0.08,brand_control,,False,positive
formula,weighted_rating,brand_VEOLI BOTANICA,-0.01,0.03,-0.41,0.68,-0.06,0.04,0.08,-0.01,1814,103,1711,0.22,0.18,-4209.27,-3642.43,0.08,brand_control,,False,negative
formula,weighted_rating,brand_VITAMIN E,0.00,0.03,0.06,0.95,-0.05,0.05,0.06,0.00,1814,103,1711,0.22,0.18,-4209.27,-3642.43,0.08,brand_control,,False,positive
formula,weighted_rating,brand_VT COSMETICS,0.01,0.02,0.53,0.60,-0.02,0.04,0.06,0.01,1814,103,1711,0.22,0.18,-4209.27,-3642.43,0.08,brand_control,,False,positive
formula,weighted_rating,brand_WIBO,-0.02,0.07,-0.30,0.76,-0.15,0.11,0.05,-0.01,1814,103,1711,0.22,0.18,-4209.27,-3642.43,0.08,brand_control,,False,negative
formula,weighted_rating,brand_YOPE,-0.02,0.03,-0.46,0.65,-0.08,0.05,0.09,-0.02,1814,103,1711,0.22,0.18,-4209.27,-3642.43,0.08,brand_control,,False,negative
formula,weighted_rating,brand_YOSKINE,0.01,0.01,0.88,0.38,-0.02,0.04,0.11,0.02,1814,103,1711,0.22,0.18,-4209.27,-3642.43,0.08,brand_control,,False,positive
formula,weighted_rating,brand_YOUR KAYA,-0.04,0.03,-1.16,0.25,-0.11,0.03,0.09,-0.04,1814,103,1711,0.22,0.18,-4209.27,-3642.43,0.08,brand_control,,False,negative
formula,weighted_rating,brand_ZIAJA,0.04,0.01,2.71,0.01,0.01,0.06,0.17,0.07,1814,103,1711,0.22,0.18,-4209.27,-3642.43,0.08,brand_control,,False,positive
formula,weighted_rating,brand___rare__,0.00,0.01,0.13,0.90,-0.02,0.03,0.31,0.01,1814,103,1711,0.22,0.18,-4209.27,-3642.43,0.08,brand_control,,False,positive
ingredient,weighted_rating,intercept,4.76,0.03,176.05,0.00,4.71,4.81,,,1814,114,1700,0.23,0.18,-4195.37,-3568.00,0.08,intercept,,False,positive
ingredient,weighted_rating,log_standardized_price,0.00,0.00,0.07,0.94,-0.01,0.01,1.47,0.00,1814,114,1700,0.23,0.18,-4195.37,-3568.00,0.08,numeric_control,,False,positive
ingredient,weighted_rating,ingredients_count,0.00,0.00,0.28,0.78,-0.00,0.00,14.01,0.01,1814,114,1700,0.23,0.18,-4195.37,-3568.00,0.08,numeric_control,,False,positive
ingredient,weighted_rating,active_share,-0.00,0.00,-1.18,0.24,-0.00,0.00,14.48,-0.04,1814,114,1700,0.23,0.18,-4195.37,-3568.00,0.08,numeric_control,,False,negative
ingredient,weighted_rating,fragrance_allergen_count,-0.00,0.00,-0.61,0.54,-0.00,0.00,3.16,-0.02,1814,114,1700,0.23,0.18,-4195.37,-3568.00,0.08,numeric_control,,False,negative
ingredient,weighted_rating,preservative_count,0.00,0.00,0.87,0.38,-0.00,0.01,1.35,0.03,1814,114,1700,0.23,0.18,-4195.37,-3568.00,0.08,numeric_control,,False,positive
ingredient,weighted_rating,drying_alcohol_count,-0.01,0.01,-1.41,0.16,-0.03,0.00,0.30,-0.04,1814,114,1700,0.23,0.18,-4195.37,-3568.00,0.08,numeric_control,,False,negative
ingredient,weighted_rating,is_parfum,0.02,0.01,3.11,0.00,0.01,0.03,0.47,0.11,1814,114,1700,0.23,0.18,-4195.37,-3568.00,0.08,numeric_control,,False,positive
ingredient,weighted_rating,is_colorant,-0.01,0.01,-1.80,0.07,-0.02,0.00,0.47,-0.05,1814,114,1700,0.23,0.18,-4195.37,-3568.00,0.08,numeric_control,,False,negative
ingredient,weighted_rating,is_niacinamide,0.00,0.00,0.70,0.49,-0.01,0.01,0.39,0.02,1814,114,1700,0.23,0.18,-4195.37,-3568.00,0.08,ingredient_flag,0.94,False,positive
ingredient,weighted_rating,is_ceramides,-0.00,0.01,-0.06,0.95,-0.01,0.01,0.34,-0.00,1814,114,1700,0.23,0.18,-4195.37,-3568.00,0.08,ingredient_flag,0.95,False,negative
ingredient,weighted_rating,is_hyaluronic_acid,-0.00,0.00,-0.74,0.46,-0.01,0.01,0.49,-0.02,1814,114,1700,0.23,0.18,-4195.37,-3568.00,0.08,ingredient_flag,0.94,False,negative
ingredient,weighted_rating,is_retinoids,0.01,0.01,0.95,0.34,-0.01,0.02,0.23,0.02,1814,114,1700,0.23,0.18,-4195.37,-3568.00,0.08,ingredient_flag,0.94,False,positive
ingredient,weighted_rating,is_vitamin_c,0.01,0.00,1.42,0.15,-0.00,0.02,0.42,0.04,1814,114,1700,0.23,0.18,-4195.37,-3568.00,0.08,ingredient_flag,0.85,False,positive
ingredient,weighted_rating,is_peptides,0.00,0.01,0.07,0.95,-0.01,0.01,0.39,0.00,1814,114,1700,0.23,0.18,-4195.37,-3568.00,0.08,ingredient_flag,0.95,False,positive
ingredient,weighted_rating,is_centella_asiatica,0.00,0.01,0.34,0.74,-0.01,0.02,0.32,0.01,1814,114,1700,0.23,0.18,-4195.37,-3568.00,0.08,ingredient_flag,0.94,False,positive
ingredient,weighted_rating,is_salicylic_acid,-0.02,0.01,-1.64,0.10,-0.03,0.00,0.27,-0.05,1814,114,1700,0.23,0.18,-4195.37,-3568.00,0.08,ingredient_flag,0.85,False,negative
ingredient,weighted_rating,is_panthenol,-0.00,0.01,-0.29,0.77,-0.01,0.01,0.44,-0.01,1814,114,1700,0.23,0.18,-4195.37,-3568.00,0.08,ingredient_flag,0.94,False,negative
ingredient,weighted_rating,is_squalane,-0.00,0.01,-0.51,0.61,-0.02,0.01,0.40,-0.02,1814,114,1700,0.23,0.18,-4195.37,-3568.00,0.08,ingredient_flag,0.94,False,negative
ingredient,weighted_rating,is_aha,-0.00,0.01,-0.51,0.61,-0.01,0.01,0.33,-0.01,1814,114,1700,0.23,0.18,-4195.37,-3568.00,0.08,ingredient_flag,0.94,False,negative
ingredient,weighted_rating,category2_Chusteczki do demakijażu,-0.01,0.03,-0.38,0.70,-0.07,0.05,0.11,-0.02,1814,114,1700,0.23,0.18,-4195.37,-3568.00,0.08,category2_control,,False,negative
ingredient,weighted_rating,category2_Esencje i hydrolaty do twarzy,0.02,0.03,0.63,0.53,-0.03,0.07,0.10,0.02,1814,114,1700,0.23,0.18,-4195.37,-3568.00,0.08,category2_control,,False,positive
ingredient,weighted_rating,category2_Kosmetyki z SPF,-0.01,0.02,-0.63,0.53,-0.06,0.03,0.15,-0.03,1814,114,1700,0.23,0.18,-4195.37,-3568.00,0.08,category2_control,,False,negative
ingredient,weighted_rating,category2_Kremy do twarzy,0.03,0.01,2.34,0.02,0.01,0.06,0.42,0.17,1814,114,1700,0.23,0.18,-4195.37,-3568.00,0.08,category2_control,,False,positive
ingredient,weighted_rating,category2_Kremy pod oczy,0.02,0.02,1.10,0.27,-0.01,0.05,0.22,0.05,1814,114,1700,0.23,0.18,-4195.37,-3568.00,0.08,category2_control,,False,positive
ingredient,weighted_rating,category2_Maseczki,0.02,0.01,1.32,0.19,-0.01,0.05,0.37,0.09,1814,114,1700,0.23,0.18,-4195.37,-3568.00,0.08,category2_control,,False,positive
ingredient,weighted_rating,category2_Maseczki na usta,-0.02,0.02,-0.75,0.45,-0.06,0.03,0.11,-0.02,1814,114,1700,0.23,0.18,-4195.37,-3568.00,0.08,category2_control,,False,negative
ingredient,weighted_rating,category2_Mleczka i emulsje do demakijażu,0.05,0.03,1.85,0.06,-0.00,0.10,0.11,0.07,1814,114,1700,0.23,0.18,-4195.37,-3568.00,0.08,category2_control,,False,positive
ingredient,weighted_rating,category2_Oleje i masełka do demakijażu,-0.03,0.02,-1.19,0.23,-0.07,0.02,0.13,-0.04,1814,114,1700,0.23,0.18,-4195.37,-3568.00,0.08,category2_control,,False,negative
ingredient,weighted_rating,category2_Peelingi do twarzy,0.03,0.02,1.22,0.22,-0.02,0.07,0.13,0.04,1814,114,1700,0.23,0.18,-4195.37,-3568.00,0.08,category2_control,,False,positive
ingredient,weighted_rating,category2_Peelingi do ust,0.01,0.03,0.39,0.70,-0.04,0.06,0.05,0.01,1814,114,1700,0.23,0.18,-4195.37,-3568.00,0.08,category2_control,,False,positive
ingredient,weighted_rating,category2_Plastry i kremy do depilacji,-0.11,0.06,-2.04,0.04,-0.23,-0.00,0.07,-0.10,1814,114,1700,0.23,0.18,-4195.37,-3568.00,0.08,category2_control,,False,negative
ingredient,weighted_rating,category2_Preparaty punktowe,-0.02,0.03,-0.71,0.48,-0.08,0.04,0.15,-0.04,1814,114,1700,0.23,0.18,-4195.37,-3568.00,0.08,category2_control,,False,negative
ingredient,weighted_rating,category2_Płatki pod oczy,0.02,0.02,0.93,0.35,-0.02,0.06,0.14,0.04,1814,114,1700,0.23,0.18,-4195.37,-3568.00,0.08,category2_control,,False,positive
ingredient,weighted_rating,category2_Płyny do demakijażu,0.05,0.02,2.57,0.01,0.01,0.09,0.18,0.11,1814,114,1700,0.23,0.18,-4195.37,-3568.00,0.08,category2_control,,False,positive
ingredient,weighted_rating,category2_Serum i olejki do ust,-0.00,0.02,-0.33,0.74,-0.03,0.02,0.18,-0.01,1814,114,1700,0.23,0.18,-4195.37,-3568.00,0.08,category2_control,,False,negative
ingredient,weighted_rating,"category2_Serum, boostery i esencje",0.05,0.01,3.41,0.00,0.02,0.07,0.36,0.20,1814,114,1700,0.23,0.18,-4195.37,-3568.00,0.08,category2_control,,False,positive
ingredient,weighted_rating,category2_Toniki do twarzy,0.04,0.02,2.37,0.02,0.01,0.07,0.21,0.10,1814,114,1700,0.23,0.18,-4195.37,-3568.00,0.08,category2_control,,False,positive
ingredient,weighted_rating,category2_Żele i pianki do mycia twarzy,0.06,0.02,3.69,0.00,0.03,0.09,0.24,0.17,1814,114,1700,0.23,0.18,-4195.37,-3568.00,0.08,category2_control,,False,positive
ingredient,weighted_rating,brand_ALTERRA,-0.03,0.02,-1.48,0.14,-0.06,0.01,0.15,-0.05,1814,114,1700,0.23,0.18,-4195.37,-3568.00,0.08,brand_control,,False,negative
ingredient,weighted_rating,brand_BARONESS,0.02,0.02,1.17,0.24,-0.02,0.06,0.05,0.01,1814,114,1700,0.23,0.18,-4195.37,-3568.00,0.08,brand_control,,False,positive
ingredient,weighted_rating,brand_BE.MEL,-0.01,0.02,-0.66,0.51,-0.04,0.02,0.05,-0.01,1814,114,1700,0.23,0.18,-4195.37,-3568.00,0.08,brand_control,,False,negative
ingredient,weighted_rating,brand_BEAUTY OF JOSEON,0.06,0.02,3.70,0.00,0.03,0.09,0.10,0.07,1814,114,1700,0.23,0.18,-4195.37,-3568.00,0.08,brand_control,,False,positive
ingredient,weighted_rating,brand_BEBIO COSMETICS,-0.05,0.02,-2.32,0.02,-0.10,-0.01,0.09,-0.06,1814,114,1700,0.23,0.18,-4195.37,-3568.00,0.08,brand_control,,False,negative
ingredient,weighted_rating,brand_BIELENDA,-0.02,0.01,-1.65,0.10,-0.05,0.00,0.24,-0.07,1814,114,1700,0.23,0.18,-4195.37,-3568.00,0.08,brand_control,,False,negative
ingredient,weighted_rating,brand_BIELENDA PROFESSIONAL,0.02,0.01,1.62,0.11,-0.00,0.05,0.13,0.04,1814,114,1700,0.23,0.18,-4195.37,-3568.00,0.08,brand_control,,False,positive
ingredient,weighted_rating,brand_BIODANCE,0.04,0.02,1.94,0.05,-0.00,0.08,0.06,0.03,1814,114,1700,0.23,0.18,-4195.37,-3568.00,0.08,brand_control,,False,positive
ingredient,weighted_rating,brand_BIOTANIQE,-0.00,0.02,-0.16,0.87,-0.04,0.04,0.14,-0.01,1814,114,1700,0.23,0.18,-4195.37,-3568.00,0.08,brand_control,,False,negative
ingredient,weighted_rating,brand_BLISTEX,0.07,0.04,1.60,0.11,-0.01,0.15,0.06,0.05,1814,114,1700,0.23,0.18,-4195.37,-3568.00,0.08,brand_control,,False,positive
ingredient,weighted_rating,brand_CARMEX,0.11,0.02,5.08,0.00,0.07,0.15,0.08,0.10,1814,114,1700,0.23,0.18,-4195.37,-3568.00,0.08,brand_control,,False,positive
ingredient,weighted_rating,brand_CATCH A TIGER,-0.05,0.06,-0.95,0.34,-0.16,0.06,0.06,-0.04,1814,114,1700,0.23,0.18,-4195.37,-3568.00,0.08,brand_control,,False,negative
ingredient,weighted_rating,brand_CHRISTIAN LAURENT,0.04,0.02,2.81,0.01,0.01,0.07,0.12,0.06,1814,114,1700,0.23,0.18,-4195.37,-3568.00,0.08,brand_control,,False,positive
ingredient,weighted_rating,brand_CLAYLY,0.00,0.02,0.05,0.96,-0.04,0.04,0.05,0.00,1814,114,1700,0.23,0.18,-4195.37,-3568.00,0.08,brand_control,,False,positive
ingredient,weighted_rating,brand_CLOUD111,-0.06,0.04,-1.36,0.18,-0.14,0.03,0.06,-0.04,1814,114,1700,0.23,0.18,-4195.37,-3568.00,0.08,brand_control,,False,negative
ingredient,weighted_rating,brand_COSRX,0.05,0.02,2.64,0.01,0.01,0.09,0.10,0.06,1814,114,1700,0.23,0.18,-4195.37,-3568.00,0.08,brand_control,,False,positive
ingredient,weighted_rating,brand_DERMIKA,0.02,0.01,1.08,0.28,-0.01,0.04,0.15,0.03,1814,114,1700,0.23,0.18,-4195.37,-3568.00,0.08,brand_control,,False,positive
ingredient,weighted_rating,brand_E.L.F.,0.04,0.02,2.13,0.03,0.00,0.07,0.11,0.05,1814,114,1700,0.23,0.18,-4195.37,-3568.00,0.08,brand_control,,False,positive
ingredient,weighted_rating,brand_EFEKTIMA,0.01,0.02,0.43,0.67,-0.02,0.04,0.08,0.01,1814,114,1700,0.23,0.18,-4195.37,-3568.00,0.08,brand_control,,False,positive
ingredient,weighted_rating,brand_ERNE,-0.12,0.04,-2.94,0.00,-0.20,-0.04,0.09,-0.14,1814,114,1700,0.23,0.18,-4195.37,-3568.00,0.08,brand_control,,False,negative
ingredient,weighted_rating,brand_ESFOLIO,0.03,0.02,1.68,0.09,-0.01,0.07,0.10,0.04,1814,114,1700,0.23,0.18,-4195.37,-3568.00,0.08,brand_control,,False,positive
ingredient,weighted_rating,brand_ESSENCE,0.04,0.02,1.96,0.05,-0.00,0.07,0.05,0.02,1814,114,1700,0.23,0.18,-4195.37,-3568.00,0.08,brand_control,,False,positive
ingredient,weighted_rating,brand_EVELINE COSMETICS,-0.00,0.02,-0.20,0.84,-0.03,0.03,0.20,-0.01,1814,114,1700,0.23,0.18,-4195.37,-3568.00,0.08,brand_control,,False,negative
ingredient,weighted_rating,brand_EVELINE PRESTIGE,0.01,0.02,0.60,0.55,-0.03,0.05,0.05,0.01,1814,114,1700,0.23,0.18,-4195.37,-3568.00,0.08,brand_control,,False,positive
ingredient,weighted_rating,brand_FLOSLEK LABORATORIUM,0.00,0.01,0.23,0.82,-0.02,0.03,0.07,0.00,1814,114,1700,0.23,0.18,-4195.37,-3568.00,0.08,brand_control,,False,positive
ingredient,weighted_rating,brand_FLUFF,-0.04,0.03,-1.61,0.11,-0.09,0.01,0.10,-0.05,1814,114,1700,0.23,0.18,-4195.37,-3568.00,0.08,brand_control,,False,negative
ingredient,weighted_rating,brand_GARNIER,-0.00,0.02,-0.00,1.00,-0.03,0.03,0.15,-0.00,1814,114,1700,0.23,0.18,-4195.37,-3568.00,0.08,brand_control,,False,negative
ingredient,weighted_rating,brand_HADA LABO TOKYO,0.05,0.03,1.48,0.14,-0.02,0.11,0.07,0.04,1814,114,1700,0.23,0.18,-4195.37,-3568.00,0.08,brand_control,,False,positive
ingredient,weighted_rating,brand_HAGI,0.02,0.01,1.09,0.28,-0.01,0.04,0.07,0.01,1814,114,1700,0.23,0.18,-4195.37,-3568.00,0.08,brand_control,,False,positive
ingredient,weighted_rating,brand_HOLIKA HOLIKA,0.04,0.02,2.74,0.01,0.01,0.07,0.07,0.03,1814,114,1700,0.23,0.18,-4195.37,-3568.00,0.08,brand_control,,False,positive
ingredient,weighted_rating,brand_ISANA,-0.03,0.01,-2.24,0.02,-0.06,-0.00,0.26,-0.10,1814,114,1700,0.23,0.18,-4195.37,-3568.00,0.08,brand_control,,False,negative
ingredient,weighted_rating,brand_IWOSTIN,0.01,0.02,0.53,0.60,-0.02,0.04,0.07,0.01,1814,114,1700,0.23,0.18,-4195.37,-3568.00,0.08,brand_control,,False,positive
ingredient,weighted_rating,brand_JANDA,0.04,0.02,2.41,0.02,0.01,0.07,0.10,0.05,1814,114,1700,0.23,0.18,-4195.37,-3568.00,0.08,brand_control,,False,positive
ingredient,weighted_rating,brand_KIMOCO,0.02,0.02,0.85,0.39,-0.02,0.05,0.14,0.03,1814,114,1700,0.23,0.18,-4195.37,-3568.00,0.08,brand_control,,False,positive
ingredient,weighted_rating,brand_KLOO,-0.07,0.03,-2.42,0.02,-0.12,-0.01,0.08,-0.07,1814,114,1700,0.23,0.18,-4195.37,-3568.00,0.08,brand_control,,False,negative
ingredient,weighted_rating,brand_L'ORÉAL PARIS,0.03,0.02,1.53,0.13,-0.01,0.06,0.17,0.05,1814,114,1700,0.23,0.18,-4195.37,-3568.00,0.08,brand_control,,False,positive
ingredient,weighted_rating,brand_LIP SMACKER,-0.00,0.04,-0.01,0.99,-0.09,0.09,0.07,-0.00,1814,114,1700,0.23,0.18,-4195.37,-3568.00,0.08,brand_control,,False,negative
ingredient,weighted_rating,brand_LIRENE,-0.02,0.03,-0.64,0.52,-0.07,0.03,0.08,-0.02,1814,114,1700,0.23,0.18,-4195.37,-3568.00,0.08,brand_control,,False,negative
ingredient,weighted_rating,brand_LOVELY,0.01,0.02,0.62,0.53,-0.03,0.06,0.09,0.01,1814,114,1700,0.23,0.18,-4195.37,-3568.00,0.08,brand_control,,False,positive
ingredient,weighted_rating,brand_MANUFAKTURA PIĘKNA,0.02,0.02,0.99,0.32,-0.02,0.06,0.09,0.02,1814,114,1700,0.23,0.18,-4195.37,-3568.00,0.08,brand_control,,False,positive
ingredient,weighted_rating,brand_MAX FACTOR,-0.04,0.04,-1.01,0.31,-0.11,0.03,0.05,-0.02,1814,114,1700,0.23,0.18,-4195.37,-3568.00,0.08,brand_control,,False,negative
ingredient,weighted_rating,brand_MAYBELLINE NEW YORK,0.01,0.05,0.26,0.79,-0.08,0.11,0.05,0.01,1814,114,1700,0.23,0.18,-4195.37,-3568.00,0.08,brand_control,,False,positive
ingredient,weighted_rating,brand_MEDIHEAL,0.06,0.02,4.00,0.00,0.03,0.09,0.11,0.09,1814,114,1700,0.23,0.18,-4195.37,-3568.00,0.08,brand_control,,False,positive
ingredient,weighted_rating,brand_MISSHA,0.03,0.02,1.12,0.26,-0.02,0.07,0.07,0.02,1814,114,1700,0.23,0.18,-4195.37,-3568.00,0.08,brand_control,,False,positive
ingredient,weighted_rating,brand_MIXA,0.05,0.02,2.51,0.01,0.01,0.08,0.11,0.06,1814,114,1700,0.23,0.18,-4195.37,-3568.00,0.08,brand_control,,False,positive
ingredient,weighted_rating,brand_MIYA COSMETICS,-0.01,0.02,-0.67,0.50,-0.04,0.02,0.16,-0.02,1814,114,1700,0.23,0.18,-4195.37,-3568.00,0.08,brand_control,,False,negative
ingredient,weighted_rating,brand_MOKOSH COSMETICS,0.01,0.02,0.55,0.59,-0.03,0.06,0.06,0.01,1814,114,1700,0.23,0.18,-4195.37,-3568.00,0.08,brand_control,,False,positive
ingredient,weighted_rating,brand_NAM,0.01,0.03,0.40,0.69,-0.05,0.08,0.07,0.01,1814,114,1700,0.23,0.18,-4195.37,-3568.00,0.08,brand_control,,False,positive
ingredient,weighted_rating,brand_NATURALME,-0.01,0.02,-0.57,0.57,-0.05,0.03,0.08,-0.01,1814,114,1700,0.23,0.18,-4195.37,-3568.00,0.08,brand_control,,False,negative
ingredient,weighted_rating,brand_NIVEA,0.03,0.01,2.29,0.02,0.00,0.06,0.21,0.08,1814,114,1700,0.23,0.18,-4195.37,-3568.00,0.08,brand_control,,False,positive
ingredient,weighted_rating,brand_PERFECTA,0.00,0.01,0.18,0.86,-0.03,0.03,0.14,0.00,1814,114,1700,0.23,0.18,-4195.37,-3568.00,0.08,brand_control,,False,positive
ingredient,weighted_rating,brand_PURITO,-0.01,0.03,-0.32,0.75,-0.07,0.05,0.06,-0.01,1814,114,1700,0.23,0.18,-4195.37,-3568.00,0.08,brand_control,,False,negative
ingredient,weighted_rating,brand_QURET,0.02,0.03,0.60,0.55,-0.05,0.09,0.06,0.01,1814,114,1700,0.23,0.18,-4195.37,-3568.00,0.08,brand_control,,False,positive
ingredient,weighted_rating,brand_RESIBO,-0.03,0.03,-0.94,0.35,-0.08,0.03,0.08,-0.02,1814,114,1700,0.23,0.18,-4195.37,-3568.00,0.08,brand_control,,False,negative
ingredient,weighted_rating,brand_ROUND LAB,-0.00,0.03,-0.14,0.89,-0.07,0.06,0.06,-0.00,1814,114,1700,0.23,0.18,-4195.37,-3568.00,0.08,brand_control,,False,negative
ingredient,weighted_rating,brand_ROUTINES BY ALKMIE,-0.05,0.03,-1.94,0.05,-0.11,0.00,0.10,-0.07,1814,114,1700,0.23,0.18,-4195.37,-3568.00,0.08,brand_control,,False,negative
ingredient,weighted_rating,brand_SELFIE PROJECT,-0.02,0.02,-0.74,0.46,-0.06,0.03,0.13,-0.03,1814,114,1700,0.23,0.18,-4195.37,-3568.00,0.08,brand_control,,False,negative
ingredient,weighted_rating,brand_SKIN1004,0.03,0.02,2.15,0.03,0.00,0.06,0.12,0.05,1814,114,1700,0.23,0.18,-4195.37,-3568.00,0.08,brand_control,,False,positive
ingredient,weighted_rating,brand_SKIN627,-0.01,0.03,-0.30,0.77,-0.07,0.05,0.06,-0.01,1814,114,1700,0.23,0.18,-4195.37,-3568.00,0.08,brand_control,,False,negative
ingredient,weighted_rating,brand_SOME BY MI,0.02,0.02,0.87,0.38,-0.02,0.05,0.06,0.01,1814,114,1700,0.23,0.18,-4195.37,-3568.00,0.08,brand_control,,False,positive
ingredient,weighted_rating,brand_SORAYA,-0.00,0.02,-0.14,0.89,-0.05,0.04,0.07,-0.00,1814,114,1700,0.23,0.18,-4195.37,-3568.00,0.08,brand_control,,False,negative
ingredient,weighted_rating,brand_TIRTIR,0.00,0.02,0.04,0.97,-0.04,0.04,0.06,0.00,1814,114,1700,0.23,0.18,-4195.37,-3568.00,0.08,brand_control,,False,positive
ingredient,weighted_rating,brand_TOŁPA,-0.01,0.01,-0.68,0.50,-0.04,0.02,0.18,-0.02,1814,114,1700,0.23,0.18,-4195.37,-3568.00,0.08,brand_control,,False,negative
ingredient,weighted_rating,brand_TULI LABS,0.03,0.02,1.85,0.06,-0.00,0.07,0.07,0.03,1814,114,1700,0.23,0.18,-4195.37,-3568.00,0.08,brand_control,,False,positive
ingredient,weighted_rating,brand_UZDROVISCO,0.00,0.02,0.16,0.87,-0.03,0.04,0.10,0.00,1814,114,1700,0.23,0.18,-4195.37,-3568.00,0.08,brand_control,,False,positive
ingredient,weighted_rating,brand_VASELINE,0.05,0.03,1.85,0.06,-0.00,0.10,0.06,0.04,1814,114,1700,0.23,0.18,-4195.37,-3568.00,0.08,brand_control,,False,positive
ingredient,weighted_rating,brand_VEOLI BOTANICA,-0.01,0.03,-0.42,0.67,-0.07,0.04,0.08,-0.01,1814,114,1700,0.23,0.18,-4195.37,-3568.00,0.08,brand_control,,False,negative
ingredient,weighted_rating,brand_VITAMIN E,-0.00,0.03,-0.12,0.90,-0.06,0.05,0.06,-0.00,1814,114,1700,0.23,0.18,-4195.37,-3568.00,0.08,brand_control,,False,negative
ingredient,weighted_rating,brand_VT COSMETICS,0.01,0.02,0.43,0.67,-0.03,0.04,0.06,0.01,1814,114,1700,0.23,0.18,-4195.37,-3568.00,0.08,brand_control,,False,positive
ingredient,weighted_rating,brand_WIBO,-0.02,0.07,-0.30,0.77,-0.15,0.11,0.05,-0.01,1814,114,1700,0.23,0.18,-4195.37,-3568.00,0.08,brand_control,,False,negative
ingredient,weighted_rating,brand_YOPE,-0.01,0.03,-0.44,0.66,-0.08,0.05,0.09,-0.02,1814,114,1700,0.23,0.18,-4195.37,-3568.00,0.08,brand_control,,False,negative
ingredient,weighted_rating,brand_YOSKINE,0.01,0.02,0.73,0.46,-0.02,0.04,0.11,0.02,1814,114,1700,0.23,0.18,-4195.37,-3568.00,0.08,brand_control,,False,positive
ingredient,weighted_rating,brand_YOUR KAYA,-0.04,0.03,-1.17,0.24,-0.11,0.03,0.09,-0.04,1814,114,1700,0.23,0.18,-4195.37,-3568.00,0.08,brand_control,,False,negative
ingredient,weighted_rating,brand_ZIAJA,0.03,0.01,2.49,0.01,0.01,0.06,0.17,0.07,1814,114,1700,0.23,0.18,-4195.37,-3568.00,0.08,brand_control,,False,positive
ingredient,weighted_rating,brand___rare__,0.00,0.01,0.11,0.91,-0.02,0.03,0.31,0.01,1814,114,1700,0.23,0.18,-4195.37,-3568.00,0.08,brand_control,,False,positive
