,sentiment_score,weighted_rating,log_opinions,log_standardized_price,ingredients_count,active_count,active_position_score,fragrance_count,fragrance_allergen_count,preservative_count,drying_alcohol_count,is_parfum,is_colorant
sentiment_score,1.00,0.41,-0.11,0.06,0.15,0.16,0.16,0.14,0.14,0.01,0.00,0.13,-0.00
weighted_rating,0.41,1.00,0.30,0.06,0.11,0.10,0.11,0.12,0.11,0.03,-0.00,0.12,-0.06
log_opinions,-0.11,0.30,1.00,-0.13,0.01,-0.03,-0.01,0.08,0.06,0.15,0.05,0.10,0.04
log_standardized_price,0.06,0.06,-0.13,1.00,0.24,0.21,0.17,0.04,0.05,0.09,-0.04,0.01,0.12
ingredients_count,0.15,0.11,0.01,0.24,1.00,0.90,0.82,0.42,0.42,0.34,-0.09,0.26,0.17
active_count,0.16,0.10,-0.03,0.21,0.90,1.00,0.96,0.23,0.24,0.19,-0.19,0.12,0.04
active_position_score,0.16,0.11,-0.01,0.17,0.82,0.96,1.00,0.24,0.24,0.21,-0.21,0.11,0.02
fragrance_count,0.14,0.12,0.08,0.04,0.42,0.23,0.24,1.00,0.93,0.33,0.04,0.66,0.02
fragrance_allergen_count,0.14,0.11,0.06,0.05,0.42,0.24,0.24,0.93,1.00,0.35,-0.00,0.47,0.01
preservative_count,0.01,0.03,0.15,0.09,0.34,0.19,0.21,0.33,0.35,1.00,0.03,0.30,0.17
drying_alcohol_count,0.00,-0.00,0.05,-0.04,-0.09,-0.19,-0.21,0.04,-0.00,0.03,1.00,0.13,0.01
is_parfum,0.13,0.12,0.10,0.01,0.26,0.12,0.11,0.66,0.47,0.30,0.13,1.00,0.08
is_colorant,-0.00,-0.06,0.04,0.12,0.17,0.04,0.02,0.02,0.01,0.17,0.01,0.08,1.00
