model,predictor,predictor_type,products_count,primary_coefficient,primary_standard_error,primary_ci_95_lower,primary_ci_95_upper,primary_p_value,sensitivity_coefficient,sensitivity_standard_error,sensitivity_ci_95_lower,sensitivity_ci_95_upper,sensitivity_p_value,direction_consistent,q_value_fdr_bh,p_value_display,q_value_fdr_bh_display,fdr_significant_0_05,sensitivity_ci_excludes_zero,robust_result
active_count_sensitivity,drying_alcohol_count,continuous_standardized,1666,0.00,0.00,-0.00,0.01,0.11,0.00,0.00,-0.00,0.01,0.72,True,0.32,0.11,0.32,False,False,False
active_count_sensitivity,fragrance_allergen_count,continuous_standardized,1666,0.01,0.00,-0.00,0.01,0.13,0.00,0.00,-0.00,0.01,0.22,True,0.32,0.13,0.32,False,False,False
active_count_sensitivity,is_parfum,binary,1666,0.02,0.01,-0.01,0.04,0.16,0.01,0.01,-0.01,0.03,0.30,True,0.32,0.16,0.32,False,False,False
active_count_sensitivity,log_opinions,continuous_standardized,1666,0.01,0.01,-0.00,0.02,0.05,0.02,0.00,0.01,0.03,0.00,True,0.32,0.05,0.32,False,True,False
active_count_sensitivity,active_count,continuous_standardized,1666,0.00,0.01,-0.01,0.02,0.43,0.00,0.00,-0.00,0.01,0.24,True,0.46,0.43,0.46,False,False,False
active_count_sensitivity,is_colorant,binary,1666,-0.01,0.01,-0.03,0.01,0.46,-0.01,0.01,-0.02,0.01,0.50,True,0.46,0.46,0.46,False,False,False
active_count_sensitivity,log_standardized_price,continuous_standardized,1666,0.01,0.01,-0.01,0.03,0.29,0.01,0.01,-0.01,0.03,0.23,True,0.46,0.29,0.46,False,False,False
active_count_sensitivity,preservative_count,continuous_standardized,1666,-0.00,0.00,-0.01,0.01,0.36,-0.00,0.00,-0.01,0.00,0.25,True,0.46,0.36,0.46,False,False,False
active_position_sensitivity,drying_alcohol_count,continuous_standardized,1666,0.00,0.00,-0.00,0.01,0.12,0.00,0.00,-0.00,0.01,0.71,True,0.32,0.12,0.32,False,False,False
active_position_sensitivity,fragrance_allergen_count,continuous_standardized,1666,0.01,0.00,-0.00,0.01,0.13,0.00,0.00,-0.00,0.01,0.22,True,0.32,0.13,0.32,False,False,False
active_position_sensitivity,is_parfum,binary,1666,0.02,0.01,-0.01,0.04,0.16,0.01,0.01,-0.01,0.03,0.30,True,0.32,0.16,0.32,False,False,False
active_position_sensitivity,log_opinions,continuous_standardized,1666,0.01,0.01,-0.00,0.02,0.06,0.02,0.00,0.01,0.03,0.00,True,0.32,0.06,0.32,False,True,False
active_position_sensitivity,log_standardized_price,continuous_standardized,1666,0.01,0.01,-0.01,0.03,0.28,0.01,0.01,-0.01,0.03,0.22,True,0.45,0.28,0.45,False,False,False
active_position_sensitivity,active_position_score,continuous_standardized,1666,0.00,0.01,-0.01,0.02,0.46,0.00,0.00,-0.00,0.01,0.29,True,0.47,0.46,0.47,False,False,False
active_position_sensitivity,is_colorant,binary,1666,-0.01,0.01,-0.03,0.01,0.47,-0.00,0.01,-0.02,0.01,0.51,True,0.47,0.47,0.47,False,False,False
active_position_sensitivity,preservative_count,continuous_standardized,1666,-0.00,0.00,-0.01,0.01,0.36,-0.00,0.00,-0.01,0.00,0.27,True,0.47,0.36,0.47,False,False,False
formula,active_share,continuous_standardized,1666,-0.01,0.01,-0.02,0.01,0.41,-0.00,0.00,-0.01,0.00,0.34,True,0.43,0.41,0.43,False,False,False
formula,drying_alcohol_count,continuous_standardized,1666,0.00,0.00,-0.00,0.01,0.22,-0.00,0.00,-0.01,0.01,0.98,False,0.43,0.22,0.43,False,False,False
formula,fragrance_allergen_count,continuous_standardized,1666,0.00,0.01,-0.01,0.01,0.43,0.00,0.00,-0.01,0.01,0.58,True,0.43,0.43,0.43,False,False,False
formula,ingredients_count,continuous_standardized,1666,0.01,0.01,-0.01,0.02,0.38,0.01,0.01,-0.00,0.02,0.20,True,0.43,0.38,0.43,False,False,False
formula,is_colorant,binary,1666,-0.01,0.01,-0.03,0.01,0.26,-0.01,0.01,-0.02,0.01,0.23,True,0.43,0.26,0.43,False,False,False
formula,is_parfum,binary,1666,0.01,0.01,-0.01,0.04,0.24,0.01,0.01,-0.01,0.03,0.41,True,0.43,0.24,0.43,False,False,False
formula,log_opinions,continuous_standardized,1666,0.01,0.01,-0.00,0.02,0.05,0.02,0.00,0.01,0.03,0.00,True,0.43,0.05,0.43,False,True,False
formula,log_standardized_price,continuous_standardized,1666,0.01,0.01,-0.01,0.03,0.31,0.01,0.01,-0.01,0.02,0.25,True,0.43,0.31,0.43,False,False,False
formula,preservative_count,continuous_standardized,1666,-0.01,0.01,-0.02,0.00,0.28,-0.01,0.00,-0.01,0.00,0.16,True,0.43,0.28,0.43,False,False,False
fragrance_count_sensitivity,active_share,continuous_standardized,1666,-0.01,0.01,-0.02,0.01,0.36,-0.00,0.00,-0.01,0.00,0.34,True,0.41,0.36,0.41,False,False,False
fragrance_count_sensitivity,drying_alcohol_count,continuous_standardized,1666,0.00,0.00,-0.00,0.01,0.24,-0.00,0.00,-0.01,0.01,0.99,False,0.41,0.24,0.41,False,False,False
fragrance_count_sensitivity,ingredients_count,continuous_standardized,1666,0.01,0.01,-0.01,0.02,0.30,0.01,0.01,-0.00,0.02,0.21,True,0.41,0.30,0.41,False,False,False
fragrance_count_sensitivity,is_colorant,binary,1666,-0.01,0.01,-0.03,0.01,0.23,-0.01,0.01,-0.02,0.01,0.25,True,0.41,0.23,0.41,False,False,False
fragrance_count_sensitivity,is_parfum,binary,1666,0.01,0.01,-0.01,0.04,0.26,0.01,0.01,-0.01,0.03,0.46,True,0.41,0.26,0.41,False,False,False
fragrance_count_sensitivity,log_opinions,continuous_standardized,1666,0.01,0.01,-0.00,0.02,0.05,0.02,0.00,0.01,0.03,0.00,True,0.41,0.05,0.41,False,True,False
fragrance_count_sensitivity,log_standardized_price,continuous_standardized,1666,0.01,0.01,-0.01,0.03,0.32,0.01,0.01,-0.01,0.02,0.24,True,0.41,0.32,0.41,False,False,False
fragrance_count_sensitivity,preservative_count,continuous_standardized,1666,-0.01,0.01,-0.02,0.00,0.29,-0.01,0.00,-0.01,0.00,0.17,True,0.41,0.29,0.41,False,False,False
fragrance_count_sensitivity,fragrance_count,continuous_standardized,1666,0.00,0.01,-0.01,0.01,0.70,0.00,0.00,-0.00,0.01,0.50,True,0.70,0.70,0.70,False,False,False
ingredient_families,is_ceramides,binary,1666,0.04,0.02,0.01,0.07,0.02,0.03,0.01,0.00,0.05,0.05,True,0.42,0.02,0.42,False,True,False
ingredient_families,is_niacinamide,binary,1666,0.02,0.01,-0.00,0.04,0.08,0.02,0.01,0.00,0.04,0.03,True,0.47,0.08,0.47,False,True,False
ingredient_families,is_parfum,binary,1666,0.02,0.01,-0.00,0.04,0.12,0.01,0.01,-0.01,0.03,0.23,True,0.47,0.12,0.47,False,False,False
ingredient_families,is_squalane,binary,1666,-0.02,0.01,-0.05,0.00,0.11,-0.02,0.01,-0.04,-0.00,0.02,True,0.47,0.11,0.47,False,True,False
ingredient_families,log_opinions,continuous_standardized,1666,0.01,0.01,-0.00,0.02,0.06,0.02,0.00,0.01,0.03,0.00,True,0.47,0.06,0.47,False,True,False
ingredient_families,fragrance_allergen_count,continuous_standardized,1666,0.01,0.01,-0.00,0.02,0.19,0.00,0.00,-0.00,0.01,0.21,True,0.53,0.19,0.53,False,False,False
ingredient_families,is_hyaluronic_acid,binary,1666,0.01,0.01,-0.01,0.03,0.21,0.00,0.01,-0.01,0.02,0.54,True,0.53,0.21,0.53,False,False,False
ingredient_families,is_retinoids,binary,1666,0.02,0.02,-0.01,0.05,0.20,0.02,0.01,-0.00,0.04,0.12,True,0.53,0.20,0.53,False,False,False
ingredient_families,log_standardized_price,continuous_standardized,1666,0.01,0.01,-0.01,0.03,0.25,0.01,0.01,-0.00,0.03,0.12,True,0.55,0.25,0.55,False,False,False
ingredient_families,is_colorant,binary,1666,-0.01,0.01,-0.03,0.01,0.30,-0.01,0.01,-0.02,0.01,0.34,True,0.60,0.30,0.60,False,False,False
ingredient_families,active_share,continuous_standardized,1666,-0.01,0.01,-0.02,0.01,0.39,-0.01,0.00,-0.01,0.00,0.30,True,0.61,0.39,0.61,False,False,False
ingredient_families,drying_alcohol_count,continuous_standardized,1666,0.00,0.00,-0.00,0.01,0.34,-0.00,0.00,-0.01,0.00,0.81,False,0.61,0.34,0.61,False,False,False
ingredient_families,is_centella_asiatica,binary,1666,0.01,0.02,-0.02,0.04,0.43,0.01,0.01,-0.01,0.04,0.33,True,0.61,0.43,0.61,False,False,False
ingredient_families,is_panthenol,binary,1666,-0.01,0.01,-0.03,0.01,0.41,-0.00,0.01,-0.02,0.01,0.73,True,0.61,0.41,0.61,False,False,False
ingredient_families,preservative_count,continuous_standardized,1666,-0.00,0.00,-0.01,0.01,0.47,-0.00,0.00,-0.01,0.00,0.26,True,0.62,0.47,0.62,False,False,False
ingredient_families,is_aha,binary,1666,-0.01,0.01,-0.03,0.02,0.50,-0.00,0.01,-0.02,0.02,0.85,True,0.62,0.50,0.62,False,False,False
ingredient_families,is_peptides,binary,1666,-0.01,0.02,-0.04,0.02,0.56,-0.01,0.01,-0.03,0.02,0.71,True,0.66,0.56,0.66,False,False,False
ingredient_families,is_vitamin_c,binary,1666,0.00,0.01,-0.02,0.02,0.67,0.00,0.01,-0.02,0.02,0.96,True,0.74,0.67,0.74,False,False,False
ingredient_families,is_salicylic_acid,binary,1666,-0.00,0.02,-0.03,0.03,0.84,-0.01,0.01,-0.03,0.02,0.72,True,0.89,0.84,0.89,False,False,False
ingredient_families,ingredients_count,continuous_standardized,1666,-0.00,0.01,-0.02,0.02,1.00,0.00,0.01,-0.01,0.02,0.81,False,1.00,1.00,1.00,False,False,False
market,log_opinions,continuous_standardized,1666,0.01,0.01,0.00,0.02,0.04,0.02,0.00,0.01,0.03,0.00,True,0.09,0.04,0.09,False,True,False
market,log_standardized_price,continuous_standardized,1666,0.01,0.01,-0.01,0.03,0.30,0.01,0.01,-0.01,0.03,0.22,True,0.30,0.30,0.30,False,False,False
