,sentiment_score,weighted_rating,log_opinions,log_standardized_price,ingredients_count,active_count,active_share,active_position_score,fragrance_count,fragrance_allergen_count,preservative_count,drying_alcohol_count,is_parfum,is_colorant
sentiment_score,1.00,0.44,-0.09,0.05,0.18,0.16,0.03,0.14,0.11,0.11,0.04,0.03,0.11,-0.05
weighted_rating,0.44,1.00,0.31,-0.03,0.07,0.04,-0.05,0.04,0.07,0.07,0.08,-0.01,0.09,-0.09
log_opinions,-0.09,0.31,1.00,-0.24,-0.08,-0.09,-0.08,-0.06,0.02,0.02,0.15,0.02,0.06,-0.02
log_standardized_price,0.05,-0.03,-0.24,1.00,0.26,0.26,0.15,0.26,0.13,0.08,-0.11,-0.04,-0.02,0.24
ingredients_count,0.18,0.07,-0.08,0.26,1.00,0.90,0.17,0.79,0.41,0.41,0.33,0.01,0.25,0.14
active_count,0.16,0.04,-0.09,0.26,0.90,1.00,0.55,0.96,0.24,0.24,0.18,-0.07,0.09,0.02
active_share,0.03,-0.05,-0.08,0.15,0.17,0.55,1.00,0.64,-0.23,-0.22,-0.24,-0.16,-0.29,-0.21
active_position_score,0.14,0.04,-0.06,0.26,0.79,0.96,0.64,1.00,0.23,0.24,0.15,-0.10,0.06,-0.00
fragrance_count,0.11,0.07,0.02,0.13,0.41,0.24,-0.23,0.23,1.00,0.91,0.24,0.06,0.60,0.07
fragrance_allergen_count,0.11,0.07,0.02,0.08,0.41,0.24,-0.22,0.24,0.91,1.00,0.30,0.04,0.41,0.02
preservative_count,0.04,0.08,0.15,-0.11,0.33,0.18,-0.24,0.15,0.24,0.30,1.00,0.03,0.26,0.04
drying_alcohol_count,0.03,-0.01,0.02,-0.04,0.01,-0.07,-0.16,-0.10,0.06,0.04,0.03,1.00,0.11,-0.04
is_parfum,0.11,0.09,0.06,-0.02,0.25,0.09,-0.29,0.06,0.60,0.41,0.26,0.11,1.00,0.07
is_colorant,-0.05,-0.09,-0.02,0.24,0.14,0.02,-0.21,-0.00,0.07,0.02,0.04,-0.04,0.07,1.00
