,sentiment_score,weighted_rating,log_opinions,log_standardized_price,ingredients_count,active_count,active_position_score,is_niacinamide,is_ceramides,is_hyaluronic_acid,is_retinoids,is_vitamin_c,is_peptides,is_centella_asiatica,is_salicylic_acid,is_panthenol,is_squalane,is_aha
sentiment_score,1.00,0.44,-0.09,0.05,0.18,0.16,0.14,0.06,0.11,0.10,0.07,0.05,0.07,0.07,-0.02,0.05,0.04,0.00
weighted_rating,0.44,1.00,0.31,-0.03,0.07,0.04,0.04,-0.01,0.02,0.02,0.06,0.02,0.03,0.01,0.01,0.05,0.01,-0.02
log_opinions,-0.09,0.31,1.00,-0.24,-0.08,-0.09,-0.06,-0.08,-0.01,-0.05,0.05,0.07,-0.02,-0.09,0.06,-0.02,-0.03,-0.02
log_standardized_price,0.05,-0.03,-0.24,1.00,0.26,0.26,0.26,-0.03,0.07,0.02,-0.02,0.12,0.17,0.00,0.01,-0.17,0.23,-0.04
ingredients_count,0.18,0.07,-0.08,0.26,1.00,0.90,0.79,0.17,0.41,0.26,0.16,0.26,0.40,0.15,-0.01,0.14,0.37,0.12
active_count,0.16,0.04,-0.09,0.26,0.90,1.00,0.96,0.19,0.43,0.28,0.15,0.27,0.40,0.20,-0.06,0.18,0.39,0.14
active_position_score,0.14,0.04,-0.06,0.26,0.79,0.96,1.00,0.17,0.41,0.26,0.16,0.28,0.39,0.18,-0.07,0.16,0.38,0.13
is_niacinamide,0.06,-0.01,-0.08,-0.03,0.17,0.19,0.17,1.00,0.05,0.05,0.02,0.08,0.00,0.11,0.16,0.14,0.04,0.05
is_ceramides,0.11,0.02,-0.01,0.07,0.41,0.43,0.41,0.05,1.00,0.07,0.03,0.10,0.20,0.15,-0.05,0.13,0.30,0.17
is_hyaluronic_acid,0.10,0.02,-0.05,0.02,0.26,0.28,0.26,0.05,0.07,1.00,0.04,0.04,0.16,0.16,-0.04,0.13,0.02,-0.02
is_retinoids,0.07,0.06,0.05,-0.02,0.16,0.15,0.16,0.02,0.03,0.04,1.00,0.00,0.11,-0.03,0.06,-0.01,0.03,0.00
is_vitamin_c,0.05,0.02,0.07,0.12,0.26,0.27,0.28,0.08,0.10,0.04,0.00,1.00,0.15,-0.07,0.00,-0.01,0.27,0.04
is_peptides,0.07,0.03,-0.02,0.17,0.40,0.40,0.39,0.00,0.20,0.16,0.11,0.15,1.00,0.03,-0.01,-0.02,0.17,0.12
is_centella_asiatica,0.07,0.01,-0.09,0.00,0.15,0.20,0.18,0.11,0.15,0.16,-0.03,-0.07,0.03,1.00,-0.03,0.07,-0.01,0.03
is_salicylic_acid,-0.02,0.01,0.06,0.01,-0.01,-0.06,-0.07,0.16,-0.05,-0.04,0.06,0.00,-0.01,-0.03,1.00,-0.00,-0.08,0.08
is_panthenol,0.05,0.05,-0.02,-0.17,0.14,0.18,0.16,0.14,0.13,0.13,-0.01,-0.01,-0.02,0.07,-0.00,1.00,-0.01,0.06
is_squalane,0.04,0.01,-0.03,0.23,0.37,0.39,0.38,0.04,0.30,0.02,0.03,0.27,0.17,-0.01,-0.08,-0.01,1.00,0.07
is_aha,0.00,-0.02,-0.02,-0.04,0.12,0.14,0.13,0.05,0.17,-0.02,0.00,0.04,0.12,0.03,0.08,0.06,0.07,1.00
