family,feature,feature_type,aspect,expected_direction,model_formula,optimizer,converged,review_aspects_count,reviews_count,products_count,brands_count,fixed_effects_count,log_likelihood,aic,bic,brand_variance,product_variance,residual_variance,brand_icc,product_and_brand_icc,boundary_warning,warnings
hydration_ingredients,is_ceramides,binary,hydration_nourishment,positive,sentiment_score ~ is_ceramides * C(category_model) + log_standardized_price_z + log_opinions_z + ingredients_count_z,lbfgs,True,2399,2399,1084,113,13,-622.08,1276.16,1368.68,0.00,0.00,0.10,0.00,0.03,True,The MLE may be on the boundary of the parameter space.
hydration_ingredients,is_hyaluronic_acid,binary,hydration_nourishment,positive,sentiment_score ~ is_hyaluronic_acid * C(category_model) + log_standardized_price_z + log_opinions_z + ingredients_count_z,lbfgs,True,2399,2399,1084,113,21,-615.30,1278.60,1417.39,0.00,0.00,0.10,0.00,0.02,True,The MLE may be on the boundary of the parameter space.
hydration_ingredients,is_panthenol,binary,hydration_nourishment,positive,sentiment_score ~ is_panthenol * C(category_model) + log_standardized_price_z + log_opinions_z + ingredients_count_z,lbfgs,True,2399,2399,1084,113,17,-617.05,1274.10,1389.76,0.00,0.00,0.10,0.00,0.03,True,The MLE may be on the boundary of the parameter space.
effectiveness_ingredients,is_retinoids,binary,effectiveness,positive,sentiment_score ~ is_retinoids * C(category_model) + log_standardized_price_z + log_opinions_z + ingredients_count_z,lbfgs,True,2240,2240,1026,117,11,-923.01,1874.01,1954.01,0.00,0.00,0.13,0.03,0.04,True,The MLE may be on the boundary of the parameter space.
effectiveness_ingredients,is_vitamin_c,binary,effectiveness,positive,sentiment_score ~ is_vitamin_c * C(category_model) + log_standardized_price_z + log_opinions_z + ingredients_count_z,powell,True,2240,2240,1026,117,17,-913.50,1867.00,1981.28,0.00,0.01,0.13,0.03,0.07,True,"Maximum Likelihood optimization failed to converge. Check mle_retvals | MixedLM optimization failed, trying a different optimizer may help. | Gradient optimization failed, |grad| = 11.264420 | The MLE may be on the boundary of the parameter space."
effectiveness_ingredients,is_niacinamide,binary,effectiveness,positive,sentiment_score ~ is_niacinamide * C(category_model) + log_standardized_price_z + log_opinions_z + ingredients_count_z,lbfgs,True,2240,2240,1026,117,17,-921.82,1883.63,1997.92,0.01,0.00,0.13,0.09,0.11,True,The MLE may be on the boundary of the parameter space.
salicylic_acid_performance,is_salicylic_acid,binary,cleansing_makeup_removal,positive,sentiment_score ~ is_salicylic_acid * C(category_model) + log_standardized_price_z + log_opinions_z + ingredients_count_z,powell,True,1023,1023,440,67,9,-445.91,915.82,974.99,0.00,0.00,0.14,0.02,0.02,True,"Maximum Likelihood optimization failed to converge. Check mle_retvals | MixedLM optimization failed, trying a different optimizer may help. | Gradient optimization failed, |grad| = 33.909326 | The MLE may be on the boundary of the parameter space."
salicylic_acid_performance,is_salicylic_acid,binary,pore_clogging,positive,sentiment_score ~ is_salicylic_acid * C(category_model) + log_standardized_price_z + log_opinions_z + ingredients_count_z,lbfgs,True,150,150,134,46,7,-101.00,221.99,252.10,0.02,0.08,0.13,0.08,0.44,False,
salicylic_acid_performance,is_salicylic_acid,binary,skin_tolerance,undirected,sentiment_score ~ is_salicylic_acid * C(category_model) + log_standardized_price_z + log_opinions_z + ingredients_count_z,lbfgs,True,841,841,573,89,9,-489.49,1002.97,1059.79,0.01,0.00,0.18,0.07,0.08,True,The MLE may be on the boundary of the parameter space. | The Hessian matrix at the estimated parameter values is not positive definite.
formula_tolerance_sensory,is_parfum,binary,scent,undirected,sentiment_score ~ is_parfum * C(category_model) + log_standardized_price_z + log_opinions_z + ingredients_count_z,powell,True,980,980,619,93,11,-461.36,950.72,1019.15,0.00,0.02,0.13,0.00,0.12,True,"Maximum Likelihood optimization failed to converge. Check mle_retvals | MixedLM optimization failed, trying a different optimizer may help. | Gradient optimization failed, |grad| = 10.453267 | The MLE may be on the boundary of the parameter space."
formula_tolerance_sensory,fragrance_count,continuous,scent,undirected,sentiment_score ~ fragrance_count_z * C(category_model) + log_standardized_price_z + log_opinions_z + ingredients_count_z,lbfgs,True,980,980,619,93,17,-461.43,962.87,1060.62,0.00,0.00,0.15,0.01,0.02,True,The MLE may be on the boundary of the parameter space.
formula_tolerance_sensory,is_parfum,binary,skin_tolerance,negative,sentiment_score ~ is_parfum * C(category_model) + log_standardized_price_z + log_opinions_z + ingredients_count_z,powell,True,841,841,573,89,15,-471.04,978.07,1063.30,0.00,0.04,0.14,0.00,0.24,True,"Maximum Likelihood optimization failed to converge. Check mle_retvals | MixedLM optimization failed, trying a different optimizer may help. | Gradient optimization failed, |grad| = 43.450561 | The MLE may be on the boundary of the parameter space. | The Hessian matrix at the estimated parameter values is not positive definite."
formula_tolerance_sensory,fragrance_allergen_count,continuous,skin_tolerance,negative,sentiment_score ~ fragrance_allergen_count_z * C(category_model) + log_standardized_price_z + log_opinions_z + ingredients_count_z,powell,True,841,841,573,89,19,-471.45,986.89,1091.05,0.00,0.04,0.14,0.00,0.23,True,"Maximum Likelihood optimization failed to converge. Check mle_retvals | MixedLM optimization failed, trying a different optimizer may help. | Gradient optimization failed, |grad| = 41.457285 | The MLE may be on the boundary of the parameter space. | The Hessian matrix at the estimated parameter values is not positive definite."
formula_tolerance_sensory,is_drying_alcohol,binary,skin_tolerance,negative,sentiment_score ~ is_drying_alcohol * C(category_model) + log_standardized_price_z + log_opinions_z + ingredients_count_z,powell,True,841,841,573,89,9,-477.98,979.96,1036.78,0.00,0.05,0.14,0.00,0.26,True,"Maximum Likelihood optimization failed to converge. Check mle_retvals | MixedLM optimization failed, trying a different optimizer may help. | Gradient optimization failed, |grad| = 39.350686 | The MLE may be on the boundary of the parameter space. | The Hessian matrix at the estimated parameter values is not positive definite."
formula_tolerance_sensory,is_drying_alcohol,binary,hydration_nourishment,negative,sentiment_score ~ is_drying_alcohol * C(category_model) + log_standardized_price_z + log_opinions_z + ingredients_count_z,powell,True,2399,2399,1084,113,11,-624.87,1277.73,1358.69,0.00,0.00,0.10,0.00,0.03,True,"Maximum Likelihood optimization failed to converge. Check mle_retvals | MixedLM optimization failed, trying a different optimizer may help. | Gradient optimization failed, |grad| = 4.592510 | The MLE may be on the boundary of the parameter space."
active_intensity,active_count,continuous,effectiveness,positive,sentiment_score ~ active_count_z * C(category_model) + log_standardized_price_z + log_opinions_z,lbfgs,True,2240,2240,1026,117,22,-910.62,1871.24,2014.09,0.00,0.00,0.13,0.03,0.04,True,The MLE may be on the boundary of the parameter space.
