family,feature,feature_type,aspect,expected_direction,category2,category_support,review_aspects_count,opinions_count,products_count,feature_present_products,feature_absent_products,feature_present_opinions,feature_absent_opinions,contrast_definition,adjusted_sentiment_difference,adjusted_difference_ci_95_lower,adjusted_difference_ci_95_upper,effect_size,effect_size_metric,coefficient,standard_error,ci_95_lower,ci_95_upper,z_value,p_value,q_value_fdr_bh,p_value_display,q_value_fdr_bh_display,fdr_significant_0_05
hydration_ingredients,is_ceramides,binary,hydration_nourishment,positive,Kremy do twarzy,supported,743,743,308,76,232,174,569,with ingredient vs without ingredient,0.01,-0.04,0.07,0.04,adjusted difference / SD of aspect sentiment_score,0.01,0.03,-0.04,0.07,0.42,0.67,0.93,0.67,0.93,False
hydration_ingredients,is_ceramides,binary,hydration_nourishment,positive,Kremy pod oczy,supported,88,88,51,11,40,21,67,with ingredient vs without ingredient,0.16,0.00,0.32,0.50,adjusted difference / SD of aspect sentiment_score,0.16,0.08,0.00,0.32,2.01,0.04,0.29,0.04,0.29,False
hydration_ingredients,is_ceramides,binary,hydration_nourishment,positive,Maseczki,supported,382,382,175,32,143,64,318,with ingredient vs without ingredient,0.01,-0.08,0.10,0.04,adjusted difference / SD of aspect sentiment_score,0.01,0.05,-0.08,0.10,0.28,0.78,0.98,0.78,0.98,False
hydration_ingredients,is_ceramides,binary,hydration_nourishment,positive,"Serum, boostery i esencje",supported,325,325,159,25,134,68,257,with ingredient vs without ingredient,0.05,-0.05,0.14,0.14,adjusted difference / SD of aspect sentiment_score,0.05,0.05,-0.05,0.14,0.98,0.33,0.90,0.33,0.90,False
hydration_ingredients,is_ceramides,binary,hydration_nourishment,positive,__other__,pooled_other,861,861,391,25,366,64,797,with ingredient vs without ingredient,0.11,0.03,0.20,0.35,adjusted difference / SD of aspect sentiment_score,0.11,0.04,0.03,0.20,2.59,0.01,,<0.01,,False
hydration_ingredients,is_hyaluronic_acid,binary,hydration_nourishment,positive,Balsamy i pomadki do ust,supported,294,294,100,17,83,42,252,with ingredient vs without ingredient,-0.02,-0.13,0.08,-0.07,adjusted difference / SD of aspect sentiment_score,-0.02,0.05,-0.13,0.08,-0.42,0.67,0.93,0.67,0.93,False
hydration_ingredients,is_hyaluronic_acid,binary,hydration_nourishment,positive,Kremy do twarzy,supported,743,743,308,138,170,330,413,with ingredient vs without ingredient,-0.04,-0.08,0.01,-0.11,adjusted difference / SD of aspect sentiment_score,-0.04,0.02,-0.08,0.01,-1.54,0.12,0.45,0.12,0.45,False
hydration_ingredients,is_hyaluronic_acid,binary,hydration_nourishment,positive,Kremy pod oczy,supported,88,88,51,24,27,39,49,with ingredient vs without ingredient,-0.06,-0.19,0.08,-0.18,adjusted difference / SD of aspect sentiment_score,-0.06,0.07,-0.19,0.08,-0.84,0.40,0.90,0.40,0.90,False
hydration_ingredients,is_hyaluronic_acid,binary,hydration_nourishment,positive,Maseczki,supported,382,382,175,122,53,274,108,with ingredient vs without ingredient,-0.02,-0.09,0.05,-0.06,adjusted difference / SD of aspect sentiment_score,-0.02,0.04,-0.09,0.05,-0.54,0.59,0.93,0.59,0.93,False
hydration_ingredients,is_hyaluronic_acid,binary,hydration_nourishment,positive,Płyny do demakijażu,supported,48,48,29,10,19,18,30,with ingredient vs without ingredient,-0.00,-0.19,0.18,-0.01,adjusted difference / SD of aspect sentiment_score,-0.00,0.09,-0.19,0.18,-0.02,0.98,0.99,0.98,0.99,False
hydration_ingredients,is_hyaluronic_acid,binary,hydration_nourishment,positive,"Serum, boostery i esencje",supported,325,325,159,85,74,165,160,with ingredient vs without ingredient,-0.03,-0.10,0.04,-0.09,adjusted difference / SD of aspect sentiment_score,-0.03,0.04,-0.10,0.04,-0.85,0.39,0.90,0.39,0.90,False
hydration_ingredients,is_hyaluronic_acid,binary,hydration_nourishment,positive,Toniki do twarzy,supported,110,110,50,19,31,45,65,with ingredient vs without ingredient,0.15,0.03,0.27,0.47,adjusted difference / SD of aspect sentiment_score,0.15,0.06,0.03,0.27,2.42,0.02,0.28,0.02,0.28,False
hydration_ingredients,is_hyaluronic_acid,binary,hydration_nourishment,positive,Żele i pianki do mycia twarzy,supported,108,108,58,12,46,23,85,with ingredient vs without ingredient,0.14,-0.01,0.28,0.43,adjusted difference / SD of aspect sentiment_score,0.14,0.07,-0.01,0.28,1.84,0.07,0.29,0.07,0.29,False
hydration_ingredients,is_hyaluronic_acid,binary,hydration_nourishment,positive,__other__,pooled_other,301,301,154,52,102,117,184,with ingredient vs without ingredient,0.06,-0.02,0.13,0.17,adjusted difference / SD of aspect sentiment_score,0.06,0.04,-0.02,0.13,1.44,0.15,,0.15,,False
hydration_ingredients,is_panthenol,binary,hydration_nourishment,positive,Kremy do twarzy,supported,743,743,308,80,228,183,560,with ingredient vs without ingredient,-0.01,-0.06,0.05,-0.02,adjusted difference / SD of aspect sentiment_score,-0.01,0.03,-0.06,0.05,-0.23,0.82,0.98,0.82,0.98,False
hydration_ingredients,is_panthenol,binary,hydration_nourishment,positive,Maseczki,supported,382,382,175,60,115,134,248,with ingredient vs without ingredient,-0.02,-0.09,0.05,-0.06,adjusted difference / SD of aspect sentiment_score,-0.02,0.03,-0.09,0.05,-0.54,0.59,0.93,0.59,0.93,False
hydration_ingredients,is_panthenol,binary,hydration_nourishment,positive,Płyny do demakijażu,supported,48,48,29,14,15,23,25,with ingredient vs without ingredient,0.01,-0.17,0.19,0.04,adjusted difference / SD of aspect sentiment_score,0.01,0.09,-0.17,0.19,0.12,0.90,0.99,0.90,0.99,False
hydration_ingredients,is_panthenol,binary,hydration_nourishment,positive,"Serum, boostery i esencje",supported,325,325,159,43,116,92,233,with ingredient vs without ingredient,0.03,-0.05,0.11,0.09,adjusted difference / SD of aspect sentiment_score,0.03,0.04,-0.05,0.11,0.72,0.47,0.93,0.47,0.93,False
hydration_ingredients,is_panthenol,binary,hydration_nourishment,positive,Toniki do twarzy,supported,110,110,50,21,29,42,68,with ingredient vs without ingredient,-0.12,-0.25,-0.00,-0.38,adjusted difference / SD of aspect sentiment_score,-0.12,0.06,-0.25,-0.00,-1.97,0.05,0.29,0.05,0.29,False
hydration_ingredients,is_panthenol,binary,hydration_nourishment,positive,Żele i pianki do mycia twarzy,supported,108,108,58,22,36,40,68,with ingredient vs without ingredient,0.00,-0.12,0.13,0.00,adjusted difference / SD of aspect sentiment_score,0.00,0.06,-0.12,0.13,0.01,0.99,0.99,0.99,0.99,False
hydration_ingredients,is_panthenol,binary,hydration_nourishment,positive,__other__,pooled_other,683,683,305,41,264,88,595,with ingredient vs without ingredient,-0.10,-0.18,-0.03,-0.32,adjusted difference / SD of aspect sentiment_score,-0.10,0.04,-0.18,-0.03,-2.79,0.01,,<0.01,,False
effectiveness_ingredients,is_retinoids,binary,effectiveness,positive,Kremy do twarzy,supported,868,868,307,28,279,82,786,with ingredient vs without ingredient,0.03,-0.06,0.12,0.07,adjusted difference / SD of aspect sentiment_score,0.03,0.05,-0.06,0.12,0.59,0.55,0.83,0.55,0.83,False
effectiveness_ingredients,is_retinoids,binary,effectiveness,positive,Maseczki,supported,293,293,151,12,139,22,271,with ingredient vs without ingredient,-0.06,-0.22,0.10,-0.15,adjusted difference / SD of aspect sentiment_score,-0.06,0.08,-0.22,0.10,-0.69,0.49,0.82,0.49,0.82,False
effectiveness_ingredients,is_retinoids,binary,effectiveness,positive,"Serum, boostery i esencje",supported,338,338,163,16,147,28,310,with ingredient vs without ingredient,0.07,-0.07,0.21,0.18,adjusted difference / SD of aspect sentiment_score,0.07,0.07,-0.07,0.21,0.96,0.34,0.82,0.34,0.82,False
effectiveness_ingredients,is_retinoids,binary,effectiveness,positive,__other__,pooled_other,741,741,405,12,393,19,722,with ingredient vs without ingredient,-0.27,-0.44,-0.10,-0.71,adjusted difference / SD of aspect sentiment_score,-0.27,0.09,-0.44,-0.10,-3.11,0.00,,<0.01,,False
effectiveness_ingredients,is_vitamin_c,binary,effectiveness,positive,Balsamy i pomadki do ust,supported,74,74,46,11,35,20,54,with ingredient vs without ingredient,-0.00,-0.20,0.19,-0.01,adjusted difference / SD of aspect sentiment_score,-0.00,0.10,-0.20,0.19,-0.02,0.98,0.98,0.98,0.98,False
effectiveness_ingredients,is_vitamin_c,binary,effectiveness,positive,Kremy do twarzy,supported,868,868,307,100,207,274,594,with ingredient vs without ingredient,0.01,-0.05,0.07,0.02,adjusted difference / SD of aspect sentiment_score,0.01,0.03,-0.05,0.07,0.29,0.78,0.89,0.78,0.89,False
effectiveness_ingredients,is_vitamin_c,binary,effectiveness,positive,Kremy pod oczy,supported,121,121,54,17,37,42,79,with ingredient vs without ingredient,-0.23,-0.37,-0.09,-0.61,adjusted difference / SD of aspect sentiment_score,-0.23,0.07,-0.37,-0.09,-3.16,0.00,0.02,<0.01,0.02,True
effectiveness_ingredients,is_vitamin_c,binary,effectiveness,positive,Maseczki,supported,293,293,151,29,122,63,230,with ingredient vs without ingredient,0.04,-0.07,0.15,0.11,adjusted difference / SD of aspect sentiment_score,0.04,0.05,-0.07,0.15,0.73,0.47,0.82,0.47,0.82,False
effectiveness_ingredients,is_vitamin_c,binary,effectiveness,positive,"Serum, boostery i esencje",supported,338,338,163,55,108,122,216,with ingredient vs without ingredient,-0.08,-0.17,0.00,-0.22,adjusted difference / SD of aspect sentiment_score,-0.08,0.04,-0.17,0.00,-1.93,0.05,0.27,0.05,0.27,False
effectiveness_ingredients,is_vitamin_c,binary,effectiveness,positive,Żele i pianki do mycia twarzy,supported,88,88,55,10,45,16,72,with ingredient vs without ingredient,-0.05,-0.25,0.15,-0.14,adjusted difference / SD of aspect sentiment_score,-0.05,0.10,-0.25,0.15,-0.51,0.61,0.83,0.61,0.83,False
effectiveness_ingredients,is_vitamin_c,binary,effectiveness,positive,__other__,pooled_other,458,458,250,43,207,77,381,with ingredient vs without ingredient,0.01,-0.09,0.10,0.02,adjusted difference / SD of aspect sentiment_score,0.01,0.05,-0.09,0.10,0.17,0.87,,0.87,,False
effectiveness_ingredients,is_niacinamide,binary,effectiveness,positive,Kremy do twarzy,supported,868,868,307,62,245,166,702,with ingredient vs without ingredient,0.01,-0.06,0.07,0.02,adjusted difference / SD of aspect sentiment_score,0.01,0.03,-0.06,0.07,0.18,0.86,0.92,0.86,0.92,False
effectiveness_ingredients,is_niacinamide,binary,effectiveness,positive,Maseczki,supported,293,293,151,28,123,55,238,with ingredient vs without ingredient,-0.08,-0.20,0.04,-0.21,adjusted difference / SD of aspect sentiment_score,-0.08,0.06,-0.20,0.04,-1.29,0.20,0.59,0.20,0.59,False
effectiveness_ingredients,is_niacinamide,binary,effectiveness,positive,Preparaty punktowe,supported,102,102,32,12,20,32,70,with ingredient vs without ingredient,0.06,-0.11,0.23,0.16,adjusted difference / SD of aspect sentiment_score,0.06,0.09,-0.11,0.23,0.69,0.49,0.82,0.49,0.82,False
effectiveness_ingredients,is_niacinamide,binary,effectiveness,positive,"Serum, boostery i esencje",supported,338,338,163,49,114,108,230,with ingredient vs without ingredient,0.10,0.01,0.18,0.26,adjusted difference / SD of aspect sentiment_score,0.10,0.04,0.01,0.18,2.21,0.03,0.21,0.03,0.21,False
effectiveness_ingredients,is_niacinamide,binary,effectiveness,positive,Toniki do twarzy,supported,65,65,40,10,30,15,50,with ingredient vs without ingredient,0.20,-0.02,0.41,0.52,adjusted difference / SD of aspect sentiment_score,0.20,0.11,-0.02,0.41,1.80,0.07,0.27,0.07,0.27,False
effectiveness_ingredients,is_niacinamide,binary,effectiveness,positive,Żele i pianki do mycia twarzy,supported,88,88,55,11,44,23,65,with ingredient vs without ingredient,0.04,-0.14,0.21,0.09,adjusted difference / SD of aspect sentiment_score,0.04,0.09,-0.14,0.21,0.39,0.70,0.87,0.70,0.87,False
effectiveness_ingredients,is_niacinamide,binary,effectiveness,positive,__other__,pooled_other,486,486,278,28,250,47,439,with ingredient vs without ingredient,-0.10,-0.22,0.01,-0.27,adjusted difference / SD of aspect sentiment_score,-0.10,0.06,-0.22,0.01,-1.78,0.07,,0.07,,False
salicylic_acid_performance,is_salicylic_acid,binary,cleansing_makeup_removal,positive,Kremy do twarzy,supported,131,131,109,10,99,12,119,with ingredient vs without ingredient,-0.05,-0.28,0.17,-0.13,adjusted difference / SD of aspect sentiment_score,-0.05,0.11,-0.28,0.17,-0.44,0.66,0.68,0.66,0.68,False
salicylic_acid_performance,is_salicylic_acid,binary,cleansing_makeup_removal,positive,Żele i pianki do mycia twarzy,supported,293,293,93,17,76,43,250,with ingredient vs without ingredient,0.03,-0.10,0.15,0.08,adjusted difference / SD of aspect sentiment_score,0.03,0.06,-0.10,0.15,0.45,0.65,0.68,0.65,0.68,False
salicylic_acid_performance,is_salicylic_acid,binary,cleansing_makeup_removal,positive,__other__,pooled_other,599,599,238,21,217,48,551,with ingredient vs without ingredient,0.07,-0.04,0.19,0.19,adjusted difference / SD of aspect sentiment_score,0.07,0.06,-0.04,0.19,1.24,0.22,,0.22,,False
salicylic_acid_performance,is_salicylic_acid,binary,pore_clogging,positive,Kremy do twarzy,supported,100,100,92,10,82,11,89,with ingredient vs without ingredient,-0.11,-0.44,0.22,-0.20,adjusted difference / SD of aspect sentiment_score,-0.11,0.17,-0.44,0.22,-0.63,0.53,0.68,0.53,0.68,False
salicylic_acid_performance,is_salicylic_acid,binary,pore_clogging,positive,__other__,pooled_other,50,50,42,7,35,8,42,with ingredient vs without ingredient,-0.37,-0.76,0.01,-0.69,adjusted difference / SD of aspect sentiment_score,-0.37,0.20,-0.76,0.01,-1.89,0.06,,0.06,,False
salicylic_acid_performance,is_salicylic_acid,binary,skin_tolerance,undirected,Kremy do twarzy,supported,212,212,153,14,139,21,191,with ingredient vs without ingredient,0.07,-0.14,0.28,0.16,adjusted difference / SD of aspect sentiment_score,0.07,0.11,-0.14,0.28,0.68,0.50,0.68,0.50,0.68,False
salicylic_acid_performance,is_salicylic_acid,binary,skin_tolerance,undirected,Żele i pianki do mycia twarzy,supported,97,97,57,10,47,13,84,with ingredient vs without ingredient,0.05,-0.20,0.31,0.12,adjusted difference / SD of aspect sentiment_score,0.05,0.13,-0.20,0.31,0.41,0.68,0.68,0.68,0.68,False
salicylic_acid_performance,is_salicylic_acid,binary,skin_tolerance,undirected,__other__,pooled_other,532,532,363,26,337,35,497,with ingredient vs without ingredient,0.07,-0.08,0.22,0.16,adjusted difference / SD of aspect sentiment_score,0.07,0.08,-0.08,0.22,0.91,0.36,,0.36,,False
formula_tolerance_sensory,is_parfum,binary,scent,undirected,Balsamy i pomadki do ust,supported,106,106,67,30,37,44,62,with ingredient vs without ingredient,-0.06,-0.22,0.10,-0.16,adjusted difference / SD of aspect sentiment_score,-0.06,0.08,-0.22,0.10,-0.77,0.44,0.88,0.44,0.88,False
formula_tolerance_sensory,is_parfum,binary,scent,undirected,Kremy do twarzy,supported,216,216,154,142,12,201,15,with ingredient vs without ingredient,0.12,-0.09,0.33,0.31,adjusted difference / SD of aspect sentiment_score,0.12,0.11,-0.09,0.33,1.14,0.26,0.74,0.26,0.74,False
formula_tolerance_sensory,is_parfum,binary,scent,undirected,"Serum, boostery i esencje",supported,164,164,103,86,17,141,23,with ingredient vs without ingredient,0.19,0.01,0.36,0.47,adjusted difference / SD of aspect sentiment_score,0.19,0.09,0.01,0.36,2.03,0.04,0.37,0.04,0.37,False
formula_tolerance_sensory,is_parfum,binary,scent,undirected,__other__,pooled_other,494,494,295,243,52,423,71,with ingredient vs without ingredient,0.17,0.06,0.27,0.43,adjusted difference / SD of aspect sentiment_score,0.17,0.05,0.06,0.27,3.15,0.00,,<0.01,,False
formula_tolerance_sensory,fragrance_count,continuous,scent,undirected,Balsamy i pomadki do ust,supported,106,106,67,63,4,101,5,change per 1 SD of ingredient count,-0.04,-0.13,0.05,-0.10,adjusted difference / SD of aspect sentiment_score,-0.04,0.05,-0.13,0.05,-0.88,0.38,0.88,0.38,0.88,False
formula_tolerance_sensory,fragrance_count,continuous,scent,undirected,Kremy do twarzy,supported,216,216,154,143,11,202,14,change per 1 SD of ingredient count,0.02,-0.02,0.07,0.06,adjusted difference / SD of aspect sentiment_score,0.02,0.02,-0.02,0.07,1.00,0.32,0.83,0.32,0.83,False
formula_tolerance_sensory,fragrance_count,continuous,scent,undirected,Maseczki,supported,66,66,52,50,2,63,3,change per 1 SD of ingredient count,0.13,0.01,0.24,0.32,adjusted difference / SD of aspect sentiment_score,0.13,0.06,0.01,0.24,2.22,0.03,0.37,0.03,0.37,False
formula_tolerance_sensory,fragrance_count,continuous,scent,undirected,"Serum, boostery i esencje",supported,164,164,103,93,10,152,12,change per 1 SD of ingredient count,0.05,-0.01,0.11,0.12,adjusted difference / SD of aspect sentiment_score,0.05,0.03,-0.01,0.11,1.64,0.10,0.52,0.10,0.52,False
formula_tolerance_sensory,fragrance_count,continuous,scent,undirected,Toniki do twarzy,supported,83,83,41,39,2,80,3,change per 1 SD of ingredient count,0.01,-0.08,0.10,0.03,adjusted difference / SD of aspect sentiment_score,0.01,0.05,-0.08,0.10,0.24,0.81,0.88,0.81,0.88,False
formula_tolerance_sensory,fragrance_count,continuous,scent,undirected,Żele i pianki do mycia twarzy,supported,130,130,63,61,2,125,5,change per 1 SD of ingredient count,0.02,-0.10,0.15,0.06,adjusted difference / SD of aspect sentiment_score,0.02,0.06,-0.10,0.15,0.38,0.70,0.88,0.70,0.88,False
formula_tolerance_sensory,fragrance_count,continuous,scent,undirected,__other__,pooled_other,215,215,139,109,30,179,36,change per 1 SD of ingredient count,0.02,-0.04,0.08,0.04,adjusted difference / SD of aspect sentiment_score,0.02,0.03,-0.04,0.08,0.55,0.58,,0.58,,False
formula_tolerance_sensory,is_parfum,binary,skin_tolerance,negative,Kremy do twarzy,supported,212,212,153,139,14,191,21,with ingredient vs without ingredient,0.02,-0.19,0.22,0.03,adjusted difference / SD of aspect sentiment_score,0.02,0.11,-0.19,0.22,0.14,0.89,0.89,0.89,0.89,False
formula_tolerance_sensory,is_parfum,binary,skin_tolerance,negative,Maseczki,supported,99,99,75,49,26,60,39,with ingredient vs without ingredient,-0.03,-0.22,0.17,-0.06,adjusted difference / SD of aspect sentiment_score,-0.03,0.10,-0.22,0.17,-0.28,0.78,0.88,0.78,0.88,False
formula_tolerance_sensory,is_parfum,binary,skin_tolerance,negative,Płyny do demakijażu,supported,96,96,44,17,27,33,63,with ingredient vs without ingredient,0.05,-0.16,0.26,0.11,adjusted difference / SD of aspect sentiment_score,0.05,0.11,-0.16,0.26,0.44,0.66,0.88,0.66,0.88,False
formula_tolerance_sensory,is_parfum,binary,skin_tolerance,negative,"Serum, boostery i esencje",supported,85,85,64,35,29,42,43,with ingredient vs without ingredient,-0.22,-0.41,-0.02,-0.49,adjusted difference / SD of aspect sentiment_score,-0.22,0.10,-0.41,-0.02,-2.18,0.03,0.37,0.03,0.37,False
formula_tolerance_sensory,is_parfum,binary,skin_tolerance,negative,Żele i pianki do mycia twarzy,supported,97,97,57,43,14,76,21,with ingredient vs without ingredient,-0.14,-0.37,0.08,-0.32,adjusted difference / SD of aspect sentiment_score,-0.14,0.12,-0.37,0.08,-1.23,0.22,0.74,0.22,0.74,False
formula_tolerance_sensory,is_parfum,binary,skin_tolerance,negative,__other__,pooled_other,252,252,180,99,81,140,112,with ingredient vs without ingredient,0.07,-0.05,0.18,0.16,adjusted difference / SD of aspect sentiment_score,0.07,0.06,-0.05,0.18,1.16,0.25,,0.25,,False
formula_tolerance_sensory,fragrance_allergen_count,continuous,skin_tolerance,negative,Kremy do twarzy,supported,212,212,153,108,45,149,63,change per 1 SD of ingredient count,0.01,-0.04,0.06,0.03,adjusted difference / SD of aspect sentiment_score,0.01,0.03,-0.04,0.06,0.48,0.63,0.88,0.63,0.88,False
formula_tolerance_sensory,fragrance_allergen_count,continuous,skin_tolerance,negative,Kremy pod oczy,supported,47,47,31,9,22,14,33,change per 1 SD of ingredient count,0.11,-0.08,0.31,0.26,adjusted difference / SD of aspect sentiment_score,0.11,0.10,-0.08,0.31,1.14,0.26,0.74,0.26,0.74,False
formula_tolerance_sensory,fragrance_allergen_count,continuous,skin_tolerance,negative,Maseczki,supported,99,99,75,36,39,46,53,change per 1 SD of ingredient count,-0.06,-0.25,0.12,-0.14,adjusted difference / SD of aspect sentiment_score,-0.06,0.10,-0.25,0.12,-0.65,0.51,0.88,0.51,0.88,False
formula_tolerance_sensory,fragrance_allergen_count,continuous,skin_tolerance,negative,Płyny do demakijażu,supported,96,96,44,12,32,25,71,change per 1 SD of ingredient count,-0.03,-0.24,0.19,-0.06,adjusted difference / SD of aspect sentiment_score,-0.03,0.11,-0.24,0.19,-0.23,0.82,0.88,0.82,0.88,False
formula_tolerance_sensory,fragrance_allergen_count,continuous,skin_tolerance,negative,"Serum, boostery i esencje",supported,85,85,64,31,33,36,49,change per 1 SD of ingredient count,-0.08,-0.18,0.03,-0.18,adjusted difference / SD of aspect sentiment_score,-0.08,0.05,-0.18,0.03,-1.48,0.14,0.60,0.14,0.60,False
formula_tolerance_sensory,fragrance_allergen_count,continuous,skin_tolerance,negative,Toniki do twarzy,supported,41,41,30,15,15,20,21,change per 1 SD of ingredient count,-0.03,-0.19,0.12,-0.07,adjusted difference / SD of aspect sentiment_score,-0.03,0.08,-0.19,0.12,-0.40,0.69,0.88,0.69,0.88,False
formula_tolerance_sensory,fragrance_allergen_count,continuous,skin_tolerance,negative,Żele i pianki do mycia twarzy,supported,97,97,57,20,37,38,59,change per 1 SD of ingredient count,0.04,-0.16,0.23,0.08,adjusted difference / SD of aspect sentiment_score,0.04,0.10,-0.16,0.23,0.37,0.71,0.88,0.71,0.88,False
formula_tolerance_sensory,fragrance_allergen_count,continuous,skin_tolerance,negative,__other__,pooled_other,164,164,119,51,68,68,96,change per 1 SD of ingredient count,-0.04,-0.12,0.04,-0.09,adjusted difference / SD of aspect sentiment_score,-0.04,0.04,-0.12,0.04,-0.98,0.33,,0.33,,False
formula_tolerance_sensory,is_drying_alcohol,binary,skin_tolerance,negative,Kremy do twarzy,supported,212,212,153,21,132,35,177,with ingredient vs without ingredient,-0.03,-0.21,0.14,-0.08,adjusted difference / SD of aspect sentiment_score,-0.03,0.09,-0.21,0.14,-0.39,0.70,0.88,0.70,0.88,False
formula_tolerance_sensory,is_drying_alcohol,binary,skin_tolerance,negative,Maseczki,supported,99,99,75,13,62,16,83,with ingredient vs without ingredient,-0.06,-0.30,0.19,-0.13,adjusted difference / SD of aspect sentiment_score,-0.06,0.12,-0.30,0.19,-0.47,0.64,0.88,0.64,0.88,False
formula_tolerance_sensory,is_drying_alcohol,binary,skin_tolerance,negative,__other__,pooled_other,530,530,345,23,322,30,500,with ingredient vs without ingredient,0.04,-0.13,0.21,0.08,adjusted difference / SD of aspect sentiment_score,0.04,0.09,-0.13,0.21,0.42,0.67,,0.67,,False
formula_tolerance_sensory,is_drying_alcohol,binary,hydration_nourishment,negative,Kremy do twarzy,supported,743,743,308,41,267,99,644,with ingredient vs without ingredient,-0.01,-0.08,0.06,-0.02,adjusted difference / SD of aspect sentiment_score,-0.01,0.04,-0.08,0.06,-0.20,0.84,0.88,0.84,0.88,False
formula_tolerance_sensory,is_drying_alcohol,binary,hydration_nourishment,negative,Maseczki,supported,382,382,175,30,145,70,312,with ingredient vs without ingredient,0.04,-0.05,0.12,0.11,adjusted difference / SD of aspect sentiment_score,0.04,0.04,-0.05,0.12,0.80,0.43,0.88,0.43,0.88,False
formula_tolerance_sensory,is_drying_alcohol,binary,hydration_nourishment,negative,"Serum, boostery i esencje",supported,325,325,159,25,134,42,283,with ingredient vs without ingredient,-0.10,-0.21,0.00,-0.31,adjusted difference / SD of aspect sentiment_score,-0.10,0.05,-0.21,0.00,-1.89,0.06,0.39,0.06,0.39,False
formula_tolerance_sensory,is_drying_alcohol,binary,hydration_nourishment,negative,__other__,pooled_other,949,949,442,20,422,33,916,with ingredient vs without ingredient,-0.06,-0.17,0.05,-0.19,adjusted difference / SD of aspect sentiment_score,-0.06,0.06,-0.17,0.05,-1.07,0.28,,0.28,,False
active_intensity,active_count,continuous,effectiveness,positive,Balsamy i pomadki do ust,supported,74,74,46,46,0,74,0,change per 1 SD of ingredient count,-0.06,-0.23,0.11,-0.15,adjusted difference / SD of aspect sentiment_score,-0.06,0.09,-0.23,0.11,-0.68,0.49,0.64,0.49,0.64,False
active_intensity,active_count,continuous,effectiveness,positive,Kremy do twarzy,supported,868,868,307,307,0,868,0,change per 1 SD of ingredient count,0.01,-0.02,0.04,0.02,adjusted difference / SD of aspect sentiment_score,0.01,0.02,-0.02,0.04,0.52,0.60,0.64,0.60,0.64,False
active_intensity,active_count,continuous,effectiveness,positive,Kremy pod oczy,supported,121,121,54,54,0,121,0,change per 1 SD of ingredient count,0.02,-0.04,0.07,0.05,adjusted difference / SD of aspect sentiment_score,0.02,0.03,-0.04,0.07,0.59,0.55,0.64,0.55,0.64,False
active_intensity,active_count,continuous,effectiveness,positive,Maseczki,supported,293,293,151,150,1,291,2,change per 1 SD of ingredient count,0.04,-0.02,0.09,0.10,adjusted difference / SD of aspect sentiment_score,0.04,0.03,-0.02,0.09,1.27,0.20,0.64,0.20,0.64,False
active_intensity,active_count,continuous,effectiveness,positive,Preparaty punktowe,supported,102,102,32,29,3,94,8,change per 1 SD of ingredient count,0.05,-0.15,0.25,0.13,adjusted difference / SD of aspect sentiment_score,0.05,0.10,-0.15,0.25,0.46,0.64,0.64,0.64,0.64,False
active_intensity,active_count,continuous,effectiveness,positive,Płyny do demakijażu,supported,42,42,31,30,1,40,2,change per 1 SD of ingredient count,0.14,-0.13,0.41,0.36,adjusted difference / SD of aspect sentiment_score,0.14,0.14,-0.13,0.41,0.98,0.33,0.64,0.33,0.64,False
active_intensity,active_count,continuous,effectiveness,positive,"Serum, boostery i esencje",supported,338,338,163,163,0,338,0,change per 1 SD of ingredient count,0.01,-0.02,0.05,0.04,adjusted difference / SD of aspect sentiment_score,0.01,0.02,-0.02,0.05,0.75,0.45,0.64,0.45,0.64,False
active_intensity,active_count,continuous,effectiveness,positive,Toniki do twarzy,supported,65,65,40,40,0,65,0,change per 1 SD of ingredient count,0.07,-0.06,0.20,0.18,adjusted difference / SD of aspect sentiment_score,0.07,0.06,-0.06,0.20,1.06,0.29,0.64,0.29,0.64,False
active_intensity,active_count,continuous,effectiveness,positive,Żele i pianki do mycia twarzy,supported,88,88,55,55,0,88,0,change per 1 SD of ingredient count,-0.21,-0.38,-0.04,-0.55,adjusted difference / SD of aspect sentiment_score,-0.21,0.09,-0.38,-0.04,-2.40,0.02,0.15,0.02,0.15,False
active_intensity,active_count,continuous,effectiveness,positive,__other__,pooled_other,249,249,147,146,1,247,2,change per 1 SD of ingredient count,-0.03,-0.10,0.03,-0.09,adjusted difference / SD of aspect sentiment_score,-0.03,0.03,-0.10,0.03,-1.07,0.28,,0.28,,False
