family,feature,feature_type,aspect,category2,contrast_definition,adjusted_sentiment_difference,adjusted_difference_ci_95_lower,adjusted_difference_ci_95_upper,effect_size,effect_size_metric,products_count,feature_present_products,feature_absent_products,opinions_count,feature_present_opinions,feature_absent_opinions,p_value,q_value_fdr_bh,fdr_significant_0_05
hydration_ingredients,is_ceramides,binary,hydration_nourishment,Kremy do twarzy,with ingredient vs without ingredient,0.01,-0.04,0.07,0.04,adjusted difference / SD of aspect sentiment_score,308,76,232,743,174,569,0.67,0.93,False
hydration_ingredients,is_ceramides,binary,hydration_nourishment,Kremy pod oczy,with ingredient vs without ingredient,0.16,0.00,0.32,0.50,adjusted difference / SD of aspect sentiment_score,51,11,40,88,21,67,0.04,0.29,False
hydration_ingredients,is_ceramides,binary,hydration_nourishment,Maseczki,with ingredient vs without ingredient,0.01,-0.08,0.10,0.04,adjusted difference / SD of aspect sentiment_score,175,32,143,382,64,318,0.78,0.98,False
hydration_ingredients,is_ceramides,binary,hydration_nourishment,"Serum, boostery i esencje",with ingredient vs without ingredient,0.05,-0.05,0.14,0.14,adjusted difference / SD of aspect sentiment_score,159,25,134,325,68,257,0.33,0.90,False
hydration_ingredients,is_hyaluronic_acid,binary,hydration_nourishment,Balsamy i pomadki do ust,with ingredient vs without ingredient,-0.02,-0.13,0.08,-0.07,adjusted difference / SD of aspect sentiment_score,100,17,83,294,42,252,0.67,0.93,False
hydration_ingredients,is_hyaluronic_acid,binary,hydration_nourishment,Kremy do twarzy,with ingredient vs without ingredient,-0.04,-0.08,0.01,-0.11,adjusted difference / SD of aspect sentiment_score,308,138,170,743,330,413,0.12,0.45,False
hydration_ingredients,is_hyaluronic_acid,binary,hydration_nourishment,Kremy pod oczy,with ingredient vs without ingredient,-0.06,-0.19,0.08,-0.18,adjusted difference / SD of aspect sentiment_score,51,24,27,88,39,49,0.40,0.90,False
hydration_ingredients,is_hyaluronic_acid,binary,hydration_nourishment,Maseczki,with ingredient vs without ingredient,-0.02,-0.09,0.05,-0.06,adjusted difference / SD of aspect sentiment_score,175,122,53,382,274,108,0.59,0.93,False
hydration_ingredients,is_hyaluronic_acid,binary,hydration_nourishment,Płyny do demakijażu,with ingredient vs without ingredient,-0.00,-0.19,0.18,-0.01,adjusted difference / SD of aspect sentiment_score,29,10,19,48,18,30,0.98,0.99,False
hydration_ingredients,is_hyaluronic_acid,binary,hydration_nourishment,"Serum, boostery i esencje",with ingredient vs without ingredient,-0.03,-0.10,0.04,-0.09,adjusted difference / SD of aspect sentiment_score,159,85,74,325,165,160,0.39,0.90,False
hydration_ingredients,is_hyaluronic_acid,binary,hydration_nourishment,Toniki do twarzy,with ingredient vs without ingredient,0.15,0.03,0.27,0.47,adjusted difference / SD of aspect sentiment_score,50,19,31,110,45,65,0.02,0.28,False
hydration_ingredients,is_hyaluronic_acid,binary,hydration_nourishment,Żele i pianki do mycia twarzy,with ingredient vs without ingredient,0.14,-0.01,0.28,0.43,adjusted difference / SD of aspect sentiment_score,58,12,46,108,23,85,0.07,0.29,False
hydration_ingredients,is_panthenol,binary,hydration_nourishment,Kremy do twarzy,with ingredient vs without ingredient,-0.01,-0.06,0.05,-0.02,adjusted difference / SD of aspect sentiment_score,308,80,228,743,183,560,0.82,0.98,False
hydration_ingredients,is_panthenol,binary,hydration_nourishment,Maseczki,with ingredient vs without ingredient,-0.02,-0.09,0.05,-0.06,adjusted difference / SD of aspect sentiment_score,175,60,115,382,134,248,0.59,0.93,False
hydration_ingredients,is_panthenol,binary,hydration_nourishment,Płyny do demakijażu,with ingredient vs without ingredient,0.01,-0.17,0.19,0.04,adjusted difference / SD of aspect sentiment_score,29,14,15,48,23,25,0.90,0.99,False
hydration_ingredients,is_panthenol,binary,hydration_nourishment,"Serum, boostery i esencje",with ingredient vs without ingredient,0.03,-0.05,0.11,0.09,adjusted difference / SD of aspect sentiment_score,159,43,116,325,92,233,0.47,0.93,False
hydration_ingredients,is_panthenol,binary,hydration_nourishment,Toniki do twarzy,with ingredient vs without ingredient,-0.12,-0.25,-0.00,-0.38,adjusted difference / SD of aspect sentiment_score,50,21,29,110,42,68,0.05,0.29,False
hydration_ingredients,is_panthenol,binary,hydration_nourishment,Żele i pianki do mycia twarzy,with ingredient vs without ingredient,0.00,-0.12,0.13,0.00,adjusted difference / SD of aspect sentiment_score,58,22,36,108,40,68,0.99,0.99,False
effectiveness_ingredients,is_retinoids,binary,effectiveness,Kremy do twarzy,with ingredient vs without ingredient,0.03,-0.06,0.12,0.07,adjusted difference / SD of aspect sentiment_score,307,28,279,868,82,786,0.55,0.83,False
effectiveness_ingredients,is_retinoids,binary,effectiveness,Maseczki,with ingredient vs without ingredient,-0.06,-0.22,0.10,-0.15,adjusted difference / SD of aspect sentiment_score,151,12,139,293,22,271,0.49,0.82,False
effectiveness_ingredients,is_retinoids,binary,effectiveness,"Serum, boostery i esencje",with ingredient vs without ingredient,0.07,-0.07,0.21,0.18,adjusted difference / SD of aspect sentiment_score,163,16,147,338,28,310,0.34,0.82,False
effectiveness_ingredients,is_vitamin_c,binary,effectiveness,Balsamy i pomadki do ust,with ingredient vs without ingredient,-0.00,-0.20,0.19,-0.01,adjusted difference / SD of aspect sentiment_score,46,11,35,74,20,54,0.98,0.98,False
effectiveness_ingredients,is_vitamin_c,binary,effectiveness,Kremy do twarzy,with ingredient vs without ingredient,0.01,-0.05,0.07,0.02,adjusted difference / SD of aspect sentiment_score,307,100,207,868,274,594,0.78,0.89,False
effectiveness_ingredients,is_vitamin_c,binary,effectiveness,Kremy pod oczy,with ingredient vs without ingredient,-0.23,-0.37,-0.09,-0.61,adjusted difference / SD of aspect sentiment_score,54,17,37,121,42,79,0.00,0.02,True
effectiveness_ingredients,is_vitamin_c,binary,effectiveness,Maseczki,with ingredient vs without ingredient,0.04,-0.07,0.15,0.11,adjusted difference / SD of aspect sentiment_score,151,29,122,293,63,230,0.47,0.82,False
effectiveness_ingredients,is_vitamin_c,binary,effectiveness,"Serum, boostery i esencje",with ingredient vs without ingredient,-0.08,-0.17,0.00,-0.22,adjusted difference / SD of aspect sentiment_score,163,55,108,338,122,216,0.05,0.27,False
effectiveness_ingredients,is_vitamin_c,binary,effectiveness,Żele i pianki do mycia twarzy,with ingredient vs without ingredient,-0.05,-0.25,0.15,-0.14,adjusted difference / SD of aspect sentiment_score,55,10,45,88,16,72,0.61,0.83,False
effectiveness_ingredients,is_niacinamide,binary,effectiveness,Kremy do twarzy,with ingredient vs without ingredient,0.01,-0.06,0.07,0.02,adjusted difference / SD of aspect sentiment_score,307,62,245,868,166,702,0.86,0.92,False
effectiveness_ingredients,is_niacinamide,binary,effectiveness,Maseczki,with ingredient vs without ingredient,-0.08,-0.20,0.04,-0.21,adjusted difference / SD of aspect sentiment_score,151,28,123,293,55,238,0.20,0.59,False
effectiveness_ingredients,is_niacinamide,binary,effectiveness,Preparaty punktowe,with ingredient vs without ingredient,0.06,-0.11,0.23,0.16,adjusted difference / SD of aspect sentiment_score,32,12,20,102,32,70,0.49,0.82,False
effectiveness_ingredients,is_niacinamide,binary,effectiveness,"Serum, boostery i esencje",with ingredient vs without ingredient,0.10,0.01,0.18,0.26,adjusted difference / SD of aspect sentiment_score,163,49,114,338,108,230,0.03,0.21,False
effectiveness_ingredients,is_niacinamide,binary,effectiveness,Toniki do twarzy,with ingredient vs without ingredient,0.20,-0.02,0.41,0.52,adjusted difference / SD of aspect sentiment_score,40,10,30,65,15,50,0.07,0.27,False
effectiveness_ingredients,is_niacinamide,binary,effectiveness,Żele i pianki do mycia twarzy,with ingredient vs without ingredient,0.04,-0.14,0.21,0.09,adjusted difference / SD of aspect sentiment_score,55,11,44,88,23,65,0.70,0.87,False
salicylic_acid_performance,is_salicylic_acid,binary,cleansing_makeup_removal,Kremy do twarzy,with ingredient vs without ingredient,-0.05,-0.28,0.17,-0.13,adjusted difference / SD of aspect sentiment_score,109,10,99,131,12,119,0.66,0.68,False
salicylic_acid_performance,is_salicylic_acid,binary,cleansing_makeup_removal,Żele i pianki do mycia twarzy,with ingredient vs without ingredient,0.03,-0.10,0.15,0.08,adjusted difference / SD of aspect sentiment_score,93,17,76,293,43,250,0.65,0.68,False
salicylic_acid_performance,is_salicylic_acid,binary,pore_clogging,Kremy do twarzy,with ingredient vs without ingredient,-0.11,-0.44,0.22,-0.20,adjusted difference / SD of aspect sentiment_score,92,10,82,100,11,89,0.53,0.68,False
salicylic_acid_performance,is_salicylic_acid,binary,skin_tolerance,Kremy do twarzy,with ingredient vs without ingredient,0.07,-0.14,0.28,0.16,adjusted difference / SD of aspect sentiment_score,153,14,139,212,21,191,0.50,0.68,False
salicylic_acid_performance,is_salicylic_acid,binary,skin_tolerance,Żele i pianki do mycia twarzy,with ingredient vs without ingredient,0.05,-0.20,0.31,0.12,adjusted difference / SD of aspect sentiment_score,57,10,47,97,13,84,0.68,0.68,False
formula_tolerance_sensory,is_parfum,binary,scent,Balsamy i pomadki do ust,with ingredient vs without ingredient,-0.06,-0.22,0.10,-0.16,adjusted difference / SD of aspect sentiment_score,67,30,37,106,44,62,0.44,0.88,False
formula_tolerance_sensory,is_parfum,binary,scent,Kremy do twarzy,with ingredient vs without ingredient,0.12,-0.09,0.33,0.31,adjusted difference / SD of aspect sentiment_score,154,142,12,216,201,15,0.26,0.74,False
formula_tolerance_sensory,is_parfum,binary,scent,"Serum, boostery i esencje",with ingredient vs without ingredient,0.19,0.01,0.36,0.47,adjusted difference / SD of aspect sentiment_score,103,86,17,164,141,23,0.04,0.37,False
formula_tolerance_sensory,fragrance_count,continuous,scent,Balsamy i pomadki do ust,change per 1 SD of ingredient count,-0.04,-0.13,0.05,-0.10,adjusted difference / SD of aspect sentiment_score,67,63,4,106,101,5,0.38,0.88,False
formula_tolerance_sensory,fragrance_count,continuous,scent,Kremy do twarzy,change per 1 SD of ingredient count,0.02,-0.02,0.07,0.06,adjusted difference / SD of aspect sentiment_score,154,143,11,216,202,14,0.32,0.83,False
formula_tolerance_sensory,fragrance_count,continuous,scent,Maseczki,change per 1 SD of ingredient count,0.13,0.01,0.24,0.32,adjusted difference / SD of aspect sentiment_score,52,50,2,66,63,3,0.03,0.37,False
formula_tolerance_sensory,fragrance_count,continuous,scent,"Serum, boostery i esencje",change per 1 SD of ingredient count,0.05,-0.01,0.11,0.12,adjusted difference / SD of aspect sentiment_score,103,93,10,164,152,12,0.10,0.52,False
formula_tolerance_sensory,fragrance_count,continuous,scent,Toniki do twarzy,change per 1 SD of ingredient count,0.01,-0.08,0.10,0.03,adjusted difference / SD of aspect sentiment_score,41,39,2,83,80,3,0.81,0.88,False
formula_tolerance_sensory,fragrance_count,continuous,scent,Żele i pianki do mycia twarzy,change per 1 SD of ingredient count,0.02,-0.10,0.15,0.06,adjusted difference / SD of aspect sentiment_score,63,61,2,130,125,5,0.70,0.88,False
formula_tolerance_sensory,is_parfum,binary,skin_tolerance,Kremy do twarzy,with ingredient vs without ingredient,0.02,-0.19,0.22,0.03,adjusted difference / SD of aspect sentiment_score,153,139,14,212,191,21,0.89,0.89,False
formula_tolerance_sensory,is_parfum,binary,skin_tolerance,Maseczki,with ingredient vs without ingredient,-0.03,-0.22,0.17,-0.06,adjusted difference / SD of aspect sentiment_score,75,49,26,99,60,39,0.78,0.88,False
formula_tolerance_sensory,is_parfum,binary,skin_tolerance,Płyny do demakijażu,with ingredient vs without ingredient,0.05,-0.16,0.26,0.11,adjusted difference / SD of aspect sentiment_score,44,17,27,96,33,63,0.66,0.88,False
formula_tolerance_sensory,is_parfum,binary,skin_tolerance,"Serum, boostery i esencje",with ingredient vs without ingredient,-0.22,-0.41,-0.02,-0.49,adjusted difference / SD of aspect sentiment_score,64,35,29,85,42,43,0.03,0.37,False
formula_tolerance_sensory,is_parfum,binary,skin_tolerance,Żele i pianki do mycia twarzy,with ingredient vs without ingredient,-0.14,-0.37,0.08,-0.32,adjusted difference / SD of aspect sentiment_score,57,43,14,97,76,21,0.22,0.74,False
formula_tolerance_sensory,fragrance_allergen_count,continuous,skin_tolerance,Kremy do twarzy,change per 1 SD of ingredient count,0.01,-0.04,0.06,0.03,adjusted difference / SD of aspect sentiment_score,153,108,45,212,149,63,0.63,0.88,False
formula_tolerance_sensory,fragrance_allergen_count,continuous,skin_tolerance,Kremy pod oczy,change per 1 SD of ingredient count,0.11,-0.08,0.31,0.26,adjusted difference / SD of aspect sentiment_score,31,9,22,47,14,33,0.26,0.74,False
formula_tolerance_sensory,fragrance_allergen_count,continuous,skin_tolerance,Maseczki,change per 1 SD of ingredient count,-0.06,-0.25,0.12,-0.14,adjusted difference / SD of aspect sentiment_score,75,36,39,99,46,53,0.51,0.88,False
formula_tolerance_sensory,fragrance_allergen_count,continuous,skin_tolerance,Płyny do demakijażu,change per 1 SD of ingredient count,-0.03,-0.24,0.19,-0.06,adjusted difference / SD of aspect sentiment_score,44,12,32,96,25,71,0.82,0.88,False
formula_tolerance_sensory,fragrance_allergen_count,continuous,skin_tolerance,"Serum, boostery i esencje",change per 1 SD of ingredient count,-0.08,-0.18,0.03,-0.18,adjusted difference / SD of aspect sentiment_score,64,31,33,85,36,49,0.14,0.60,False
formula_tolerance_sensory,fragrance_allergen_count,continuous,skin_tolerance,Toniki do twarzy,change per 1 SD of ingredient count,-0.03,-0.19,0.12,-0.07,adjusted difference / SD of aspect sentiment_score,30,15,15,41,20,21,0.69,0.88,False
formula_tolerance_sensory,fragrance_allergen_count,continuous,skin_tolerance,Żele i pianki do mycia twarzy,change per 1 SD of ingredient count,0.04,-0.16,0.23,0.08,adjusted difference / SD of aspect sentiment_score,57,20,37,97,38,59,0.71,0.88,False
formula_tolerance_sensory,is_drying_alcohol,binary,skin_tolerance,Kremy do twarzy,with ingredient vs without ingredient,-0.03,-0.21,0.14,-0.08,adjusted difference / SD of aspect sentiment_score,153,21,132,212,35,177,0.70,0.88,False
formula_tolerance_sensory,is_drying_alcohol,binary,skin_tolerance,Maseczki,with ingredient vs without ingredient,-0.06,-0.30,0.19,-0.13,adjusted difference / SD of aspect sentiment_score,75,13,62,99,16,83,0.64,0.88,False
formula_tolerance_sensory,is_drying_alcohol,binary,hydration_nourishment,Kremy do twarzy,with ingredient vs without ingredient,-0.01,-0.08,0.06,-0.02,adjusted difference / SD of aspect sentiment_score,308,41,267,743,99,644,0.84,0.88,False
formula_tolerance_sensory,is_drying_alcohol,binary,hydration_nourishment,Maseczki,with ingredient vs without ingredient,0.04,-0.05,0.12,0.11,adjusted difference / SD of aspect sentiment_score,175,30,145,382,70,312,0.43,0.88,False
formula_tolerance_sensory,is_drying_alcohol,binary,hydration_nourishment,"Serum, boostery i esencje",with ingredient vs without ingredient,-0.10,-0.21,0.00,-0.31,adjusted difference / SD of aspect sentiment_score,159,25,134,325,42,283,0.06,0.39,False
active_intensity,active_count,continuous,effectiveness,Balsamy i pomadki do ust,change per 1 SD of ingredient count,-0.06,-0.23,0.11,-0.15,adjusted difference / SD of aspect sentiment_score,46,46,0,74,74,0,0.49,0.64,False
active_intensity,active_count,continuous,effectiveness,Kremy do twarzy,change per 1 SD of ingredient count,0.01,-0.02,0.04,0.02,adjusted difference / SD of aspect sentiment_score,307,307,0,868,868,0,0.60,0.64,False
active_intensity,active_count,continuous,effectiveness,Kremy pod oczy,change per 1 SD of ingredient count,0.02,-0.04,0.07,0.05,adjusted difference / SD of aspect sentiment_score,54,54,0,121,121,0,0.55,0.64,False
active_intensity,active_count,continuous,effectiveness,Maseczki,change per 1 SD of ingredient count,0.04,-0.02,0.09,0.10,adjusted difference / SD of aspect sentiment_score,151,150,1,293,291,2,0.20,0.64,False
active_intensity,active_count,continuous,effectiveness,Preparaty punktowe,change per 1 SD of ingredient count,0.05,-0.15,0.25,0.13,adjusted difference / SD of aspect sentiment_score,32,29,3,102,94,8,0.64,0.64,False
active_intensity,active_count,continuous,effectiveness,Płyny do demakijażu,change per 1 SD of ingredient count,0.14,-0.13,0.41,0.36,adjusted difference / SD of aspect sentiment_score,31,30,1,42,40,2,0.33,0.64,False
active_intensity,active_count,continuous,effectiveness,"Serum, boostery i esencje",change per 1 SD of ingredient count,0.01,-0.02,0.05,0.04,adjusted difference / SD of aspect sentiment_score,163,163,0,338,338,0,0.45,0.64,False
active_intensity,active_count,continuous,effectiveness,Toniki do twarzy,change per 1 SD of ingredient count,0.07,-0.06,0.20,0.18,adjusted difference / SD of aspect sentiment_score,40,40,0,65,65,0,0.29,0.64,False
active_intensity,active_count,continuous,effectiveness,Żele i pianki do mycia twarzy,change per 1 SD of ingredient count,-0.21,-0.38,-0.04,-0.55,adjusted difference / SD of aspect sentiment_score,55,55,0,88,88,0,0.02,0.15,False
